{
  "test_1": {
    "decoder_input_ids": [
      2,
      256057
    ],
    "decoder_output_shape": [
      2,
      1024
    ],
    "decoder_output_stats": {
      "mean": -0.02010711468756199,
      "std": 0.19697071611881256,
      "min": -1.2404319047927856,
      "max": 2.8965001106262207
    },
    "logits_shape": [
      2,
      256206
    ],
    "top_5_predictions": [
      17994,
      89,
      30003,
      1048,
      163119
    ]
  }
}