Build with Macros:
  GGML_SYCL_DNNL: no
  GGML_SYCL_F16: yes
  GGML_SYCL_FORCE_MMQ: no
  GGML_SYCL_GRAPH: yes
  GGML_SYCL_GRAPH_EVICTION_TIMEOUT: 10
  GGML_SYCL_SUPPORT_LEVEL_ZERO_API: yes
  GGML_SYCL_SUPPORT_VMM: yes
  GGML_SYCL_FORCE_MMQ: no
  GGML_SYCL_GRAPH: yes
  GGML_SYCL_SUPPORT_LEVEL_ZERO_API: yes
  GGML_SYCL_SUPPORT_VMM: yes
Running with Environment Variables:
  GGML_SYCL_DEBUG: 0
  GGML_SYCL_DEV_DEBUG: 0
  GGML_SYCL_DEV2DEV_MEMCPY: 0 (SYCL API)
  GGML_SYCL_GET_MEM_API: 1 (SYCL API)
  GGML_SYCL_ENABLE_DNN: DNN disabled by compile flag
  GGML_SYCL_FA_ONEDNN: 1
  GGML_SYCL_FA_ONEDNN_MAX_KV: 0
  GGML_SYCL_ENABLE_MKL_FA: 1
  GGML_SYCL_MEMTRACE: 0
  GGML_SYCL_MEMTRACE_STEP: 64
  GGML_SYCL_ENABLE_FLASH_ATTN: 1
  GGML_SYCL_FA_FORCE_VEC_STANDARD: 0
  GGML_SYCL_FA_Q8_GQA_TILE: 0
  GGML_SYCL_FFN_FUSION: 1
  GGML_SYCL_ENABLE_GRAPH: 1
  GGML_SYCL_ENABLE_OPT: 1
  GGML_SYCL_ENABLE_VMM: 1
  GGML_SYCL_ENABLE_FUSION: 1
  GGML_SYCL_PRIORITIZE_DMMV: 0
  GGML_SYCL_USE_ASYNC_MEM_OP: 1
  GGML_SYCL_USE_LEVEL_ZERO_API: 0
  GGML_SYCL_USM_SYSTEM: 0
  GGML_SYCL_ENABLE_GRAPH: 1
  GGML_SYCL_ENABLE_OPT: 1
  GGML_SYCL_XMX_GATHER_TYPES: -1
  GGML_SYCL_ENABLE_VMM: 1
  GGML_SYCL_ENABLE_FUSION: 1
  GGML_SYCL_ENABLE_ESIMD: 1
  GGML_SYCL_MMVQ_WIDE: 1
  GGML_SYCL_PRIORITIZE_DMMV: 0
  GGML_SYCL_USE_ASYNC_MEM_OP: 1
  GGML_SYCL_USE_LEVEL_ZERO_API: 0
  GGML_SYCL_USM_SYSTEM: 0
  GGML_SYCL_ENABLE_HOST_PINNED_MEM: 1
  GGML_SYCL_HOST_PINNED_MEM_2G: 0
  GGML_SYCL_SPARSE_FA: 0
  GGML_SYCL_SPARSE_FA_DEBUG: 0
  GGML_SYCL_SPARSE_FA_MARGIN: 256
Found 1 SYCL devices:
|  |                   |                                       |       |Max    |        |Max  |Global |                     |
|  |                   |                                       |       |compute|Max work|sub  |mem    |                     |
|ID|        Device Type|                                   Name|Version|units  |group   |group|size   |       Driver version|
|--|-------------------|---------------------------------------|-------|-------|--------|-----|-------|---------------------|
| 0| [level_zero:gpu:0]|                Intel Arc A770 Graphics|  12.55|    512|    1024|   32| 16225M|           1.17.39758|
SYCL Optimization Feature:
|ID|        Device Type|Reorder|
|--|-------------------|-------|
| 0| [level_zero:gpu:0]|      Y|
common_params_fit_impl: MoE cache fit selected main-device dense placement with 9537 MiB projected cache capacity for 18600 MiB of routed expert weights (up to 51.3% coverage)
common_params_fit_impl: MoE cache fit device 0 leaves 9537 MiB after reserve; minimum complete pool set is 1024 MiB
bind BO-0 to VM 1, vmHandleId = 0, range: ffff800400200000 - ffff800400711000, size: 5312512, result: -1, errno: 1(Operation not permitted)
bind BO-0 to VM 1, vmHandleId = 0, range: ffff800400200000 - ffff800400b91000, size: 10031104, result: -1, errno: 1(Operation not permitted)
bind BO-0 to VM 1, vmHandleId = 0, range: ffff800400200000 - ffff800400681000, size: 4722688, result: -1, errno: 1(Operation not permitted)
bind BO-0 to VM 1, vmHandleId = 0, range: ffff800400200000 - ffff8004009e1000, size: 8261632, result: -1, errno: 1(Operation not permitted)
bind BO-0 to VM 1, vmHandleId = 0, range: ffff800400200000 - ffff800400cb1000, size: 11210752, result: -1, errno: 1(Operation not permitted)
bind BO-0 to VM 1, vmHandleId = 0, range: ffff800400200000 - ffff800400b01000, size: 9441280, result: -1, errno: 1(Operation not permitted)
bind BO-0 to VM 1, vmHandleId = 0, range: ffff800400200000 - ffff800400681000, size: 4722688, result: -1, errno: 1(Operation not permitted)
bind BO-0 to VM 1, vmHandleId = 0, range: ffff800400200000 - ffff800400831000, size: 6492160, result: -1, errno: 1(Operation not permitted)
bind BO-0 to VM 1, vmHandleId = 0, range: ffff800400200000 - ffff800400711000, size: 5312512, result: -1, errno: 1(Operation not permitted)
bind BO-0 to VM 1, vmHandleId = 0, range: ffff800400200000 - ffff800400711000, size: 5312512, result: -1, errno: 1(Operation not permitted)
bind BO-0 to VM 1, vmHandleId = 0, range: ffff800400200000 - ffff800400b91000, size: 10031104, result: -1, errno: 1(Operation not permitted)
bind BO-0 to VM 1, vmHandleId = 0, range: ffff800400200000 - ffff800400681000, size: 4722688, result: -1, errno: 1(Operation not permitted)
bind BO-0 to VM 1, vmHandleId = 0, range: ffff800400200000 - ffff8004009e1000, size: 8261632, result: -1, errno: 1(Operation not permitted)
bind BO-0 to VM 1, vmHandleId = 0, range: ffff800400200000 - ffff800400cb1000, size: 11210752, result: -1, errno: 1(Operation not permitted)
bind BO-0 to VM 1, vmHandleId = 0, range: ffff800400200000 - ffff800400b01000, size: 9441280, result: -1, errno: 1(Operation not permitted)
bind BO-0 to VM 1, vmHandleId = 0, range: ffff800400200000 - ffff800400681000, size: 4722688, result: -1, errno: 1(Operation not permitted)
bind BO-0 to VM 1, vmHandleId = 0, range: ffff800400200000 - ffff800400831000, size: 6492160, result: -1, errno: 1(Operation not permitted)
bind BO-0 to VM 1, vmHandleId = 0, range: ffff800400200000 - ffff800400711000, size: 5312512, result: -1, errno: 1(Operation not permitted)
bind BO-0 to VM 1, vmHandleId = 0, range: ffff800400200000 - ffff8004006ed000, size: 5165056, result: -1, errno: 1(Operation not permitted)
bind BO-0 to VM 1, vmHandleId = 0, range: ffff800400200000 - ffff800400963000, size: 7745536, result: -1, errno: 1(Operation not permitted)
bind BO-0 to VM 1, vmHandleId = 0, range: ffff800400200000 - ffff800400ff3000, size: 14626816, result: -1, errno: 1(Operation not permitted)
bind BO-0 to VM 1, vmHandleId = 0, range: ffff800400200000 - ffff8004006ed000, size: 5165056, result: -1, errno: 1(Operation not permitted)
bind BO-0 to VM 1, vmHandleId = 0, range: ffff800400200000 - ffff800400891000, size: 6885376, result: -1, errno: 1(Operation not permitted)
bind BO-0 to VM 1, vmHandleId = 0, range: ffff800400200000 - ffff8004006ed000, size: 5165056, result: -1, errno: 1(Operation not permitted)
bind BO-0 to VM 1, vmHandleId = 0, range: ffff800400200000 - ffff800400d7d000, size: 12046336, result: -1, errno: 1(Operation not permitted)
bind BO-0 to VM 1, vmHandleId = 0, range: ffff800400200000 - ffff800401197000, size: 16347136, result: -1, errno: 1(Operation not permitted)
bind BO-0 to VM 1, vmHandleId = 0, range: ffff800400200000 - ffff8004006ed000, size: 5165056, result: -1, errno: 1(Operation not permitted)
bind BO-0 to VM 1, vmHandleId = 0, range: ffff800400200000 - ffff8004006ed000, size: 5165056, result: -1, errno: 1(Operation not permitted)
bind BO-0 to VM 1, vmHandleId = 0, range: ffff800400200000 - ffff8004006ed000, size: 5165056, result: -1, errno: 1(Operation not permitted)
bind BO-0 to VM 1, vmHandleId = 0, range: ffff800400200000 - ffff8004006ed000, size: 5165056, result: -1, errno: 1(Operation not permitted)
bind BO-0 to VM 1, vmHandleId = 0, range: ffff800400200000 - ffff800400f21000, size: 13766656, result: -1, errno: 1(Operation not permitted)
bind BO-0 to VM 1, vmHandleId = 0, range: ffff800400200000 - ffff8004007bf000, size: 6025216, result: -1, errno: 1(Operation not permitted)
bind BO-0 to VM 1, vmHandleId = 0, range: ffff800400200000 - ffff800400891000, size: 6885376, result: -1, errno: 1(Operation not permitted)
bind BO-0 to VM 1, vmHandleId = 0, range: ffff800400200000 - ffff80040061b000, size: 4304896, result: -1, errno: 1(Operation not permitted)
bind BO-0 to VM 1, vmHandleId = 0, range: ffff800400200000 - ffff800400b07000, size: 9465856, result: -1, errno: 1(Operation not permitted)
bind BO-0 to VM 1, vmHandleId = 0, range: ffff800400200000 - ffff800400963000, size: 7745536, result: -1, errno: 1(Operation not permitted)
bind BO-0 to VM 1, vmHandleId = 0, range: ffff800400200000 - ffff800400681000, size: 4722688, result: -1, errno: 1(Operation not permitted)
bind BO-0 to VM 1, vmHandleId = 0, range: ffff800400200000 - ffff800401251000, size: 17108992, result: -1, errno: 1(Operation not permitted)
bind BO-0 to VM 1, vmHandleId = 0, range: ffff800400200000 - ffff8004016d1000, size: 21827584, result: -1, errno: 1(Operation not permitted)
bind BO-0 to VM 1, vmHandleId = 0, range: ffff800400200000 - ffff800400b01000, size: 9441280, result: -1, errno: 1(Operation not permitted)
bind BO-0 to VM 1, vmHandleId = 0, range: ffff800400200000 - ffff800400831000, size: 6492160, result: -1, errno: 1(Operation not permitted)
bind BO-0 to VM 1, vmHandleId = 0, range: ffff800400200000 - ffff800400cb1000, size: 11210752, result: -1, errno: 1(Operation not permitted)
bind BO-0 to VM 1, vmHandleId = 0, range: ffff800400200000 - ffff800401131000, size: 15929344, result: -1, errno: 1(Operation not permitted)
bind BO-0 to VM 1, vmHandleId = 0, range: ffff800400200000 - ffff800400711000, size: 5312512, result: -1, errno: 1(Operation not permitted)
bind BO-0 to VM 1, vmHandleId = 0, range: ffff800400200000 - ffff8004008c1000, size: 7081984, result: -1, errno: 1(Operation not permitted)
bind BO-0 to VM 1, vmHandleId = 0, range: ffff800400200000 - ffff800400951000, size: 7671808, result: -1, errno: 1(Operation not permitted)
bind BO-0 to VM 1, vmHandleId = 0, range: ffff800400200000 - ffff800400681000, size: 4722688, result: -1, errno: 1(Operation not permitted)
bind BO-0 to VM 1, vmHandleId = 0, range: ffff800400200000 - ffff800401251000, size: 17108992, result: -1, errno: 1(Operation not permitted)
bind BO-0 to VM 1, vmHandleId = 0, range: ffff800400200000 - ffff8004016d1000, size: 21827584, result: -1, errno: 1(Operation not permitted)
bind BO-0 to VM 1, vmHandleId = 0, range: ffff800400200000 - ffff800400b01000, size: 9441280, result: -1, errno: 1(Operation not permitted)
bind BO-0 to VM 1, vmHandleId = 0, range: ffff800400200000 - ffff800400831000, size: 6492160, result: -1, errno: 1(Operation not permitted)
bind BO-0 to VM 1, vmHandleId = 0, range: ffff800400200000 - ffff800400cb1000, size: 11210752, result: -1, errno: 1(Operation not permitted)
bind BO-0 to VM 1, vmHandleId = 0, range: ffff800400200000 - ffff800401131000, size: 15929344, result: -1, errno: 1(Operation not permitted)
bind BO-0 to VM 1, vmHandleId = 0, range: ffff800400200000 - ffff800400711000, size: 5312512, result: -1, errno: 1(Operation not permitted)
bind BO-0 to VM 1, vmHandleId = 0, range: ffff800400200000 - ffff8004008c1000, size: 7081984, result: -1, errno: 1(Operation not permitted)
bind BO-0 to VM 1, vmHandleId = 0, range: ffff800400200000 - ffff800400951000, size: 7671808, result: -1, errno: 1(Operation not permitted)
bind BO-0 to VM 1, vmHandleId = 0, range: ffff800400200000 - ffff8004006ed000, size: 5165056, result: -1, errno: 1(Operation not permitted)
bind BO-0 to VM 1, vmHandleId = 0, range: ffff800400200000 - ffff800400891000, size: 6885376, result: -1, errno: 1(Operation not permitted)
bind BO-0 to VM 1, vmHandleId = 0, range: ffff800400200000 - ffff8004019cb000, size: 24948736, result: -1, errno: 1(Operation not permitted)
bind BO-0 to VM 1, vmHandleId = 0, range: ffff800400200000 - ffff80040205b000, size: 31830016, result: -1, errno: 1(Operation not permitted)
bind BO-0 to VM 1, vmHandleId = 0, range: ffff800400200000 - ffff800400f21000, size: 13766656, result: -1, errno: 1(Operation not permitted)
bind BO-0 to VM 1, vmHandleId = 0, range: ffff800400200000 - ffff800400b07000, size: 9465856, result: -1, errno: 1(Operation not permitted)
bind BO-0 to VM 1, vmHandleId = 0, range: ffff800400200000 - ffff800401197000, size: 16347136, result: -1, errno: 1(Operation not permitted)
bind BO-0 to VM 1, vmHandleId = 0, range: ffff800400200000 - ffff800401827000, size: 23228416, result: -1, errno: 1(Operation not permitted)
bind BO-0 to VM 1, vmHandleId = 0, range: ffff800400200000 - ffff8004007bf000, size: 6025216, result: -1, errno: 1(Operation not permitted)
bind BO-0 to VM 1, vmHandleId = 0, range: ffff800400200000 - ffff800400963000, size: 7745536, result: -1, errno: 1(Operation not permitted)
bind BO-0 to VM 1, vmHandleId = 0, range: ffff800400200000 - ffff800400bd9000, size: 10326016, result: -1, errno: 1(Operation not permitted)
bind BO-0 to VM 1, vmHandleId = 0, range: ffff800400200000 - ffff8004006ed000, size: 5165056, result: -1, errno: 1(Operation not permitted)
bind BO-0 to VM 1, vmHandleId = 0, range: ffff800400200000 - ffff800400cab000, size: 11186176, result: -1, errno: 1(Operation not permitted)
bind BO-0 to VM 1, vmHandleId = 0, range: ffff800400200000 - ffff80040061b000, size: 4304896, result: -1, errno: 1(Operation not permitted)
bind BO-0 to VM 1, vmHandleId = 0, range: ffff800400200000 - ffff8004010a1000, size: 15339520, result: -1, errno: 1(Operation not permitted)
bind BO-0 to VM 1, vmHandleId = 0, range: ffff800400200000 - ffff800400b91000, size: 10031104, result: -1, errno: 1(Operation not permitted)
bind BO-0 to VM 1, vmHandleId = 0, range: ffff800400200000 - ffff800400711000, size: 5312512, result: -1, errno: 1(Operation not permitted)
bind BO-0 to VM 1, vmHandleId = 0, range: ffff800400200000 - ffff800402451000, size: 35983360, result: -1, errno: 1(Operation not permitted)
bind BO-0 to VM 1, vmHandleId = 0, range: ffff800400200000 - ffff8004012e1000, size: 17698816, result: -1, errno: 1(Operation not permitted)
bind BO-0 to VM 1, vmHandleId = 0, range: ffff800400200000 - ffff800400831000, size: 6492160, result: -1, errno: 1(Operation not permitted)
bind BO-0 to VM 1, vmHandleId = 0, range: ffff800400200000 - ffff800401011000, size: 14749696, result: -1, errno: 1(Operation not permitted)
bind BO-0 to VM 1, vmHandleId = 0, range: ffff800400200000 - ffff800400c21000, size: 10620928, result: -1, errno: 1(Operation not permitted)
bind BO-0 to VM 1, vmHandleId = 0, range: ffff800400200000 - ffff800400711000, size: 5312512, result: -1, errno: 1(Operation not permitted)
bind BO-0 to VM 1, vmHandleId = 0, range: ffff800400200000 - ffff8004011c1000, size: 16519168, result: -1, errno: 1(Operation not permitted)
bind BO-0 to VM 1, vmHandleId = 0, range: ffff800400200000 - ffff8004010a1000, size: 15339520, result: -1, errno: 1(Operation not permitted)
bind BO-0 to VM 1, vmHandleId = 0, range: ffff800400200000 - ffff800400b91000, size: 10031104, result: -1, errno: 1(Operation not permitted)
bind BO-0 to VM 1, vmHandleId = 0, range: ffff800400200000 - ffff800400711000, size: 5312512, result: -1, errno: 1(Operation not permitted)
bind BO-0 to VM 1, vmHandleId = 0, range: ffff800400200000 - ffff800402451000, size: 35983360, result: -1, errno: 1(Operation not permitted)
bind BO-0 to VM 1, vmHandleId = 0, range: ffff800400200000 - ffff8004012e1000, size: 17698816, result: -1, errno: 1(Operation not permitted)
bind BO-0 to VM 1, vmHandleId = 0, range: ffff800400200000 - ffff800400831000, size: 6492160, result: -1, errno: 1(Operation not permitted)
bind BO-0 to VM 1, vmHandleId = 0, range: ffff800400200000 - ffff800401011000, size: 14749696, result: -1, errno: 1(Operation not permitted)
bind BO-0 to VM 1, vmHandleId = 0, range: ffff800400200000 - ffff800400c21000, size: 10620928, result: -1, errno: 1(Operation not permitted)
bind BO-0 to VM 1, vmHandleId = 0, range: ffff800400200000 - ffff800400711000, size: 5312512, result: -1, errno: 1(Operation not permitted)
bind BO-0 to VM 1, vmHandleId = 0, range: ffff800400200000 - ffff8004011c1000, size: 16519168, result: -1, errno: 1(Operation not permitted)
bind BO-0 to VM 1, vmHandleId = 0, range: ffff800400200000 - ffff800401755000, size: 22368256, result: -1, errno: 1(Operation not permitted)
bind BO-0 to VM 1, vmHandleId = 0, range: ffff800400200000 - ffff800400ff3000, size: 14626816, result: -1, errno: 1(Operation not permitted)
bind BO-0 to VM 1, vmHandleId = 0, range: ffff800400200000 - ffff800400963000, size: 7745536, result: -1, errno: 1(Operation not permitted)
bind BO-0 to VM 1, vmHandleId = 0, range: ffff800400200000 - ffff80040340b000, size: 52473856, result: -1, errno: 1(Operation not permitted)
bind BO-0 to VM 1, vmHandleId = 0, range: ffff800400200000 - ffff800401a9d000, size: 25808896, result: -1, errno: 1(Operation not permitted)
bind BO-0 to VM 1, vmHandleId = 0, range: ffff800400200000 - ffff8004007bf000, size: 6025216, result: -1, errno: 1(Operation not permitted)
bind BO-0 to VM 1, vmHandleId = 0, range: ffff800400200000 - ffff800400b07000, size: 9465856, result: -1, errno: 1(Operation not permitted)
bind BO-0 to VM 1, vmHandleId = 0, range: ffff800400200000 - ffff800401683000, size: 21508096, result: -1, errno: 1(Operation not permitted)
bind BO-0 to VM 1, vmHandleId = 0, range: ffff800400200000 - ffff8004010c5000, size: 15486976, result: -1, errno: 1(Operation not permitted)
bind BO-0 to VM 1, vmHandleId = 0, range: ffff800400200000 - ffff800400963000, size: 7745536, result: -1, errno: 1(Operation not permitted)
bind BO-0 to VM 1, vmHandleId = 0, range: ffff800400200000 - ffff8004018f9000, size: 24088576, result: -1, errno: 1(Operation not permitted)
bind BO-0 to VM 1, vmHandleId = 0, range: ffff800400200000 - ffff800400951000, size: 7671808, result: -1, errno: 1(Operation not permitted)
bind BO-0 to VM 1, vmHandleId = 0, range: ffff800400200000 - ffff800400e61000, size: 12980224, result: -1, errno: 1(Operation not permitted)
bind BO-0 to VM 1, vmHandleId = 0, range: ffff800400200000 - ffff800400cb1000, size: 11210752, result: -1, errno: 1(Operation not permitted)
bind BO-0 to VM 1, vmHandleId = 0, range: ffff800400200000 - ffff8004007a1000, size: 5902336, result: -1, errno: 1(Operation not permitted)
bind BO-0 to VM 1, vmHandleId = 0, range: ffff800400200000 - ffff8004008c1000, size: 7081984, result: -1, errno: 1(Operation not permitted)
bind BO-0 to VM 1, vmHandleId = 0, range: ffff800400200000 - ffff800400c21000, size: 10620928, result: -1, errno: 1(Operation not permitted)
bind BO-0 to VM 1, vmHandleId = 0, range: ffff800400200000 - ffff800400681000, size: 4722688, result: -1, errno: 1(Operation not permitted)
bind BO-0 to VM 1, vmHandleId = 0, range: ffff800400200000 - ffff800400831000, size: 6492160, result: -1, errno: 1(Operation not permitted)
bind BO-0 to VM 1, vmHandleId = 0, range: ffff800400200000 - ffff800400dd1000, size: 12390400, result: -1, errno: 1(Operation not permitted)
bind BO-0 to VM 1, vmHandleId = 0, range: ffff800400200000 - ffff800401011000, size: 14749696, result: -1, errno: 1(Operation not permitted)
bind BO-0 to VM 1, vmHandleId = 0, range: ffff800400200000 - ffff8004008c1000, size: 7081984, result: -1, errno: 1(Operation not permitted)
bind BO-0 to VM 1, vmHandleId = 0, range: ffff800400200000 - ffff800400951000, size: 7671808, result: -1, errno: 1(Operation not permitted)
bind BO-0 to VM 1, vmHandleId = 0, range: ffff800400200000 - ffff800400e61000, size: 12980224, result: -1, errno: 1(Operation not permitted)
bind BO-0 to VM 1, vmHandleId = 0, range: ffff800400200000 - ffff800400cb1000, size: 11210752, result: -1, errno: 1(Operation not permitted)
bind BO-0 to VM 1, vmHandleId = 0, range: ffff800400200000 - ffff8004007a1000, size: 5902336, result: -1, errno: 1(Operation not permitted)
bind BO-0 to VM 1, vmHandleId = 0, range: ffff800400200000 - ffff8004008c1000, size: 7081984, result: -1, errno: 1(Operation not permitted)
bind BO-0 to VM 1, vmHandleId = 0, range: ffff800400200000 - ffff800400c21000, size: 10620928, result: -1, errno: 1(Operation not permitted)
bind BO-0 to VM 1, vmHandleId = 0, range: ffff800400200000 - ffff800400681000, size: 4722688, result: -1, errno: 1(Operation not permitted)
bind BO-0 to VM 1, vmHandleId = 0, range: ffff800400200000 - ffff800400831000, size: 6492160, result: -1, errno: 1(Operation not permitted)
bind BO-0 to VM 1, vmHandleId = 0, range: ffff800400200000 - ffff800400dd1000, size: 12390400, result: -1, errno: 1(Operation not permitted)
bind BO-0 to VM 1, vmHandleId = 0, range: ffff800400200000 - ffff800401011000, size: 14749696, result: -1, errno: 1(Operation not permitted)
bind BO-0 to VM 1, vmHandleId = 0, range: ffff800400200000 - ffff8004008c1000, size: 7081984, result: -1, errno: 1(Operation not permitted)
bind BO-0 to VM 1, vmHandleId = 0, range: ffff800400200000 - ffff8004007bf000, size: 6025216, result: -1, errno: 1(Operation not permitted)
bind BO-0 to VM 1, vmHandleId = 0, range: ffff800400200000 - ffff800400cab000, size: 11186176, result: -1, errno: 1(Operation not permitted)
bind BO-0 to VM 1, vmHandleId = 0, range: ffff800400200000 - ffff80040140d000, size: 18927616, result: -1, errno: 1(Operation not permitted)
bind BO-0 to VM 1, vmHandleId = 0, range: ffff800400200000 - ffff800401197000, size: 16347136, result: -1, errno: 1(Operation not permitted)
bind BO-0 to VM 1, vmHandleId = 0, range: ffff800400200000 - ffff800400a35000, size: 8605696, result: -1, errno: 1(Operation not permitted)
bind BO-0 to VM 1, vmHandleId = 0, range: ffff800400200000 - ffff800400bd9000, size: 10326016, result: -1, errno: 1(Operation not permitted)
bind BO-0 to VM 1, vmHandleId = 0, range: ffff800400200000 - ffff80040061b000, size: 4304896, result: -1, errno: 1(Operation not permitted)
bind BO-0 to VM 1, vmHandleId = 0, range: ffff800400200000 - ffff8004010c5000, size: 15486976, result: -1, errno: 1(Operation not permitted)
bind BO-0 to VM 1, vmHandleId = 0, range: ffff800400200000 - ffff800400891000, size: 6885376, result: -1, errno: 1(Operation not permitted)
bind BO-0 to VM 1, vmHandleId = 0, range: ffff800400200000 - ffff800400b07000, size: 9465856, result: -1, errno: 1(Operation not permitted)
bind BO-0 to VM 1, vmHandleId = 0, range: ffff800400200000 - ffff8004006ed000, size: 5165056, result: -1, errno: 1(Operation not permitted)
bind BO-0 to VM 1, vmHandleId = 0, range: ffff800400200000 - ffff8004006ed000, size: 5165056, result: -1, errno: 1(Operation not permitted)
bind BO-0 to VM 1, vmHandleId = 0, range: ffff800400200000 - ffff80040133b000, size: 18067456, result: -1, errno: 1(Operation not permitted)
bind BO-0 to VM 1, vmHandleId = 0, range: ffff800400200000 - ffff800401683000, size: 21508096, result: -1, errno: 1(Operation not permitted)
bind BO-0 to VM 1, vmHandleId = 0, range: ffff800400200000 - ffff800400bd9000, size: 10326016, result: -1, errno: 1(Operation not permitted)
bind BO-0 to VM 1, vmHandleId = 0, range: ffff800400200000 - ffff8004006ed000, size: 5165056, result: -1, errno: 1(Operation not permitted)
bind BO-0 to VM 1, vmHandleId = 0, range: ffff800400200000 - ffff800400681000, size: 4722688, result: -1, errno: 1(Operation not permitted)
bind BO-0 to VM 1, vmHandleId = 0, range: ffff800400200000 - ffff8004008c1000, size: 7081984, result: -1, errno: 1(Operation not permitted)
bind BO-0 to VM 1, vmHandleId = 0, range: ffff800400200000 - ffff800400681000, size: 4722688, result: -1, errno: 1(Operation not permitted)
bind BO-0 to VM 1, vmHandleId = 0, range: ffff800400200000 - ffff800400711000, size: 5312512, result: -1, errno: 1(Operation not permitted)
bind BO-0 to VM 1, vmHandleId = 0, range: ffff800400200000 - ffff800400681000, size: 4722688, result: -1, errno: 1(Operation not permitted)
bind BO-0 to VM 1, vmHandleId = 0, range: ffff800400200000 - ffff8004008c1000, size: 7081984, result: -1, errno: 1(Operation not permitted)
bind BO-0 to VM 1, vmHandleId = 0, range: ffff800400200000 - ffff800400681000, size: 4722688, result: -1, errno: 1(Operation not permitted)
bind BO-0 to VM 1, vmHandleId = 0, range: ffff800400200000 - ffff800400711000, size: 5312512, result: -1, errno: 1(Operation not permitted)
bind BO-0 to VM 1, vmHandleId = 0, range: ffff800400200000 - ffff80040061b000, size: 4304896, result: -1, errno: 1(Operation not permitted)
bind BO-0 to VM 1, vmHandleId = 0, range: ffff800400200000 - ffff80040061b000, size: 4304896, result: -1, errno: 1(Operation not permitted)
bind BO-0 to VM 1, vmHandleId = 0, range: ffff800400200000 - ffff8004006ed000, size: 5165056, result: -1, errno: 1(Operation not permitted)
bind BO-0 to VM 1, vmHandleId = 0, range: ffff800400200000 - ffff8004007bf000, size: 6025216, result: -1, errno: 1(Operation not permitted)
bind BO-0 to VM 1, vmHandleId = 0, range: ffff800400200000 - ffff800400891000, size: 6885376, result: -1, errno: 1(Operation not permitted)
bind BO-0 to VM 1, vmHandleId = 0, range: ffff800400200000 - ffff8004007bf000, size: 6025216, result: -1, errno: 1(Operation not permitted)
bind BO-0 to VM 1, vmHandleId = 0, range: ffff800400200000 - ffff800400bd9000, size: 10326016, result: -1, errno: 1(Operation not permitted)
bind BO-0 to VM 1, vmHandleId = 0, range: ffff800400200000 - ffff8004006ed000, size: 5165056, result: -1, errno: 1(Operation not permitted)
bind BO-0 to VM 1, vmHandleId = 0, range: ffff800400200000 - ffff800400891000, size: 6885376, result: -1, errno: 1(Operation not permitted)
bind BO-0 to VM 1, vmHandleId = 0, range: ffff800400200000 - ffff8004007bf000, size: 6025216, result: -1, errno: 1(Operation not permitted)
bind BO-0 to VM 1, vmHandleId = 0, range: ffff800400200000 - ffff8004006ed000, size: 5165056, result: -1, errno: 1(Operation not permitted)
bind BO-0 to VM 1, vmHandleId = 0, range: ffff800400200000 - ffff800400963000, size: 7745536, result: -1, errno: 1(Operation not permitted)
bind BO-0 to VM 1, vmHandleId = 0, range: ffff800400200000 - ffff8004007bf000, size: 6025216, result: -1, errno: 1(Operation not permitted)
bind BO-0 to VM 1, vmHandleId = 0, range: ffff800400200000 - ffff80040061b000, size: 4304896, result: -1, errno: 1(Operation not permitted)
bind BO-0 to VM 1, vmHandleId = 0, range: ffff800400200000 - ffff80040061b000, size: 4304896, result: -1, errno: 1(Operation not permitted)
bind BO-0 to VM 1, vmHandleId = 0, range: ffff800400200000 - ffff80040061b000, size: 4304896, result: -1, errno: 1(Operation not permitted)
bind BO-0 to VM 1, vmHandleId = 0, range: ffff800400200000 - ffff800400681000, size: 4722688, result: -1, errno: 1(Operation not permitted)
bind BO-0 to VM 1, vmHandleId = 0, range: ffff800400200000 - ffff800400b91000, size: 10031104, result: -1, errno: 1(Operation not permitted)
bind BO-0 to VM 1, vmHandleId = 0, range: ffff800400200000 - ffff8004007a1000, size: 5902336, result: -1, errno: 1(Operation not permitted)
bind BO-0 to VM 1, vmHandleId = 0, range: ffff800400200000 - ffff800400681000, size: 4722688, result: -1, errno: 1(Operation not permitted)
bind BO-0 to VM 1, vmHandleId = 0, range: ffff800400200000 - ffff800400681000, size: 4722688, result: -1, errno: 1(Operation not permitted)
bind BO-0 to VM 1, vmHandleId = 0, range: ffff800400200000 - ffff800400951000, size: 7671808, result: -1, errno: 1(Operation not permitted)
bind BO-0 to VM 1, vmHandleId = 0, range: ffff800400200000 - ffff8004008c1000, size: 7081984, result: -1, errno: 1(Operation not permitted)
bind BO-0 to VM 1, vmHandleId = 0, range: ffff800400200000 - ffff800400681000, size: 4722688, result: -1, errno: 1(Operation not permitted)
bind BO-0 to VM 1, vmHandleId = 0, range: ffff800400200000 - ffff800400681000, size: 4722688, result: -1, errno: 1(Operation not permitted)
bind BO-0 to VM 1, vmHandleId = 0, range: ffff800400200000 - ffff800400b91000, size: 10031104, result: -1, errno: 1(Operation not permitted)
bind BO-0 to VM 1, vmHandleId = 0, range: ffff800400200000 - ffff8004007a1000, size: 5902336, result: -1, errno: 1(Operation not permitted)
bind BO-0 to VM 1, vmHandleId = 0, range: ffff800400200000 - ffff800400681000, size: 4722688, result: -1, errno: 1(Operation not permitted)
bind BO-0 to VM 1, vmHandleId = 0, range: ffff800400200000 - ffff800400681000, size: 4722688, result: -1, errno: 1(Operation not permitted)
bind BO-0 to VM 1, vmHandleId = 0, range: ffff800400200000 - ffff800400951000, size: 7671808, result: -1, errno: 1(Operation not permitted)
bind BO-0 to VM 1, vmHandleId = 0, range: ffff800400200000 - ffff8004008c1000, size: 7081984, result: -1, errno: 1(Operation not permitted)
bind BO-0 to VM 1, vmHandleId = 0, range: ffff800400200000 - ffff800400681000, size: 4722688, result: -1, errno: 1(Operation not permitted)
bind BO-0 to VM 1, vmHandleId = 0, range: ffff800400200000 - ffff800400681000, size: 4722688, result: -1, errno: 1(Operation not permitted)
bind BO-0 to VM 1, vmHandleId = 0, range: ffff800400200000 - ffff800400b91000, size: 10031104, result: -1, errno: 1(Operation not permitted)
bind BO-0 to VM 1, vmHandleId = 0, range: ffff800400200000 - ffff8004007a1000, size: 5902336, result: -1, errno: 1(Operation not permitted)
bind BO-0 to VM 1, vmHandleId = 0, range: ffff800400200000 - ffff800400681000, size: 4722688, result: -1, errno: 1(Operation not permitted)
bind BO-0 to VM 1, vmHandleId = 0, range: ffff800400200000 - ffff800400681000, size: 4722688, result: -1, errno: 1(Operation not permitted)
bind BO-0 to VM 1, vmHandleId = 0, range: ffff800400200000 - ffff800400951000, size: 7671808, result: -1, errno: 1(Operation not permitted)
bind BO-0 to VM 1, vmHandleId = 0, range: ffff800400200000 - ffff8004008c1000, size: 7081984, result: -1, errno: 1(Operation not permitted)
bind BO-0 to VM 1, vmHandleId = 0, range: ffff800400200000 - ffff800400681000, size: 4722688, result: -1, errno: 1(Operation not permitted)
bind BO-0 to VM 1, vmHandleId = 0, range: ffff800400200000 - ffff800400711000, size: 5312512, result: -1, errno: 1(Operation not permitted)
bind BO-0 to VM 1, vmHandleId = 0, range: ffff800400200000 - ffff8004007a1000, size: 5902336, result: -1, errno: 1(Operation not permitted)
bind BO-0 to VM 1, vmHandleId = 0, range: ffff800400200000 - ffff8004007a1000, size: 5902336, result: -1, errno: 1(Operation not permitted)
bind BO-0 to VM 1, vmHandleId = 0, range: ffff800400200000 - ffff800400711000, size: 5312512, result: -1, errno: 1(Operation not permitted)
bind BO-0 to VM 1, vmHandleId = 0, range: ffff800400200000 - ffff800400681000, size: 4722688, result: -1, errno: 1(Operation not permitted)
bind BO-0 to VM 1, vmHandleId = 0, range: ffff800400200000 - ffff800400b01000, size: 9441280, result: -1, errno: 1(Operation not permitted)
bind BO-0 to VM 1, vmHandleId = 0, range: ffff800400200000 - ffff800400711000, size: 5312512, result: -1, errno: 1(Operation not permitted)
bind BO-0 to VM 1, vmHandleId = 0, range: ffff800400200000 - ffff800400711000, size: 5312512, result: -1, errno: 1(Operation not permitted)
bind BO-0 to VM 1, vmHandleId = 0, range: ffff800400200000 - ffff8004007a1000, size: 5902336, result: -1, errno: 1(Operation not permitted)
bind BO-0 to VM 1, vmHandleId = 0, range: ffff800400200000 - ffff8004007a1000, size: 5902336, result: -1, errno: 1(Operation not permitted)
bind BO-0 to VM 1, vmHandleId = 0, range: ffff800400200000 - ffff800400711000, size: 5312512, result: -1, errno: 1(Operation not permitted)
bind BO-0 to VM 1, vmHandleId = 0, range: ffff800400200000 - ffff800400681000, size: 4722688, result: -1, errno: 1(Operation not permitted)
bind BO-0 to VM 1, vmHandleId = 0, range: ffff800400200000 - ffff800400b01000, size: 9441280, result: -1, errno: 1(Operation not permitted)
bind BO-0 to VM 1, vmHandleId = 0, range: ffff800400200000 - ffff800400711000, size: 5312512, result: -1, errno: 1(Operation not permitted)
bind BO-0 to VM 1, vmHandleId = 0, range: ffff800400200000 - ffff800400711000, size: 5312512, result: -1, errno: 1(Operation not permitted)
bind BO-0 to VM 1, vmHandleId = 0, range: ffff800400200000 - ffff8004007a1000, size: 5902336, result: -1, errno: 1(Operation not permitted)
bind BO-0 to VM 1, vmHandleId = 0, range: ffff800400200000 - ffff8004007a1000, size: 5902336, result: -1, errno: 1(Operation not permitted)
bind BO-0 to VM 1, vmHandleId = 0, range: ffff800400200000 - ffff800400711000, size: 5312512, result: -1, errno: 1(Operation not permitted)
bind BO-0 to VM 1, vmHandleId = 0, range: ffff800400200000 - ffff800400681000, size: 4722688, result: -1, errno: 1(Operation not permitted)
bind BO-0 to VM 1, vmHandleId = 0, range: ffff800400200000 - ffff800400b01000, size: 9441280, result: -1, errno: 1(Operation not permitted)
bind BO-0 to VM 1, vmHandleId = 0, range: ffff800400200000 - ffff800400711000, size: 5312512, result: -1, errno: 1(Operation not permitted)
bind BO-0 to VM 1, vmHandleId = 0, range: ffff800400200000 - ffff800400681000, size: 4722688, result: -1, errno: 1(Operation not permitted)
bind BO-0 to VM 1, vmHandleId = 0, range: ffff800400200000 - ffff800400681000, size: 4722688, result: -1, errno: 1(Operation not permitted)
bind BO-0 to VM 1, vmHandleId = 0, range: ffff800400200000 - ffff800400b01000, size: 9441280, result: -1, errno: 1(Operation not permitted)
bind BO-0 to VM 1, vmHandleId = 0, range: ffff800400200000 - ffff800400681000, size: 4722688, result: -1, errno: 1(Operation not permitted)
bind BO-0 to VM 1, vmHandleId = 0, range: ffff800400200000 - ffff800400681000, size: 4722688, result: -1, errno: 1(Operation not permitted)
bind BO-0 to VM 1, vmHandleId = 0, range: ffff800400200000 - ffff8004007a1000, size: 5902336, result: -1, errno: 1(Operation not permitted)
bind BO-0 to VM 1, vmHandleId = 0, range: ffff800400200000 - ffff800400951000, size: 7671808, result: -1, errno: 1(Operation not permitted)
bind BO-0 to VM 1, vmHandleId = 0, range: ffff800400200000 - ffff800400681000, size: 4722688, result: -1, errno: 1(Operation not permitted)
bind BO-0 to VM 1, vmHandleId = 0, range: ffff800400200000 - ffff800400681000, size: 4722688, result: -1, errno: 1(Operation not permitted)
bind BO-0 to VM 1, vmHandleId = 0, range: ffff800400200000 - ffff800400681000, size: 4722688, result: -1, errno: 1(Operation not permitted)
bind BO-0 to VM 1, vmHandleId = 0, range: ffff800400200000 - ffff800400681000, size: 4722688, result: -1, errno: 1(Operation not permitted)
bind BO-0 to VM 1, vmHandleId = 0, range: ffff800400200000 - ffff800400b01000, size: 9441280, result: -1, errno: 1(Operation not permitted)
bind BO-0 to VM 1, vmHandleId = 0, range: ffff800400200000 - ffff800400681000, size: 4722688, result: -1, errno: 1(Operation not permitted)
bind BO-0 to VM 1, vmHandleId = 0, range: ffff800400200000 - ffff800400681000, size: 4722688, result: -1, errno: 1(Operation not permitted)
bind BO-0 to VM 1, vmHandleId = 0, range: ffff800400200000 - ffff8004007a1000, size: 5902336, result: -1, errno: 1(Operation not permitted)
bind BO-0 to VM 1, vmHandleId = 0, range: ffff800400200000 - ffff800400951000, size: 7671808, result: -1, errno: 1(Operation not permitted)
bind BO-0 to VM 1, vmHandleId = 0, range: ffff800400200000 - ffff800400681000, size: 4722688, result: -1, errno: 1(Operation not permitted)
bind BO-0 to VM 1, vmHandleId = 0, range: ffff800400200000 - ffff800400681000, size: 4722688, result: -1, errno: 1(Operation not permitted)
bind BO-0 to VM 1, vmHandleId = 0, range: ffff800400200000 - ffff80040061b000, size: 4304896, result: -1, errno: 1(Operation not permitted)
bind BO-0 to VM 1, vmHandleId = 0, range: ffff800400200000 - ffff80040061b000, size: 4304896, result: -1, errno: 1(Operation not permitted)
bind BO-0 to VM 1, vmHandleId = 0, range: ffff800400200000 - ffff800400891000, size: 6885376, result: -1, errno: 1(Operation not permitted)
bind BO-0 to VM 1, vmHandleId = 0, range: ffff800400200000 - ffff800400891000, size: 6885376, result: -1, errno: 1(Operation not permitted)
bind BO-0 to VM 1, vmHandleId = 0, range: ffff800400200000 - ffff800400f21000, size: 13766656, result: -1, errno: 1(Operation not permitted)
bind BO-0 to VM 1, vmHandleId = 0, range: ffff800400200000 - ffff800400891000, size: 6885376, result: -1, errno: 1(Operation not permitted)
bind BO-0 to VM 1, vmHandleId = 0, range: ffff800400200000 - ffff80040061b000, size: 4304896, result: -1, errno: 1(Operation not permitted)
bind BO-0 to VM 1, vmHandleId = 0, range: ffff800400200000 - ffff80040061b000, size: 4304896, result: -1, errno: 1(Operation not permitted)
bind BO-0 to VM 1, vmHandleId = 0, range: ffff800400200000 - ffff8004007bf000, size: 6025216, result: -1, errno: 1(Operation not permitted)
bind BO-0 to VM 1, vmHandleId = 0, range: ffff800400200000 - ffff8004006ed000, size: 5165056, result: -1, errno: 1(Operation not permitted)
bind BO-0 to VM 1, vmHandleId = 0, range: ffff800400200000 - ffff800400891000, size: 6885376, result: -1, errno: 1(Operation not permitted)
bind BO-0 to VM 1, vmHandleId = 0, range: ffff800400200000 - ffff800400a35000, size: 8605696, result: -1, errno: 1(Operation not permitted)
bind BO-0 to VM 1, vmHandleId = 0, range: ffff800400200000 - ffff800400cab000, size: 11186176, result: -1, errno: 1(Operation not permitted)
bind BO-0 to VM 1, vmHandleId = 0, range: ffff800400200000 - ffff800400891000, size: 6885376, result: -1, errno: 1(Operation not permitted)
bind BO-0 to VM 1, vmHandleId = 0, range: ffff800400200000 - ffff800400891000, size: 6885376, result: -1, errno: 1(Operation not permitted)
bind BO-0 to VM 1, vmHandleId = 0, range: ffff800400200000 - ffff8004006ed000, size: 5165056, result: -1, errno: 1(Operation not permitted)
bind BO-0 to VM 1, vmHandleId = 0, range: ffff800400200000 - ffff800400951000, size: 7671808, result: -1, errno: 1(Operation not permitted)
bind BO-0 to VM 1, vmHandleId = 0, range: ffff800400200000 - ffff800400b01000, size: 9441280, result: -1, errno: 1(Operation not permitted)
bind BO-0 to VM 1, vmHandleId = 0, range: ffff800400200000 - ffff8004007a1000, size: 5902336, result: -1, errno: 1(Operation not permitted)
bind BO-0 to VM 1, vmHandleId = 0, range: ffff800400200000 - ffff800400681000, size: 4722688, result: -1, errno: 1(Operation not permitted)
bind BO-0 to VM 1, vmHandleId = 0, range: ffff800400200000 - ffff800400b01000, size: 9441280, result: -1, errno: 1(Operation not permitted)
bind BO-0 to VM 1, vmHandleId = 0, range: ffff800400200000 - ffff800400951000, size: 7671808, result: -1, errno: 1(Operation not permitted)
bind BO-0 to VM 1, vmHandleId = 0, range: ffff800400200000 - ffff800400b01000, size: 9441280, result: -1, errno: 1(Operation not permitted)
bind BO-0 to VM 1, vmHandleId = 0, range: ffff800400200000 - ffff8004007a1000, size: 5902336, result: -1, errno: 1(Operation not permitted)
bind BO-0 to VM 1, vmHandleId = 0, range: ffff800400200000 - ffff800400681000, size: 4722688, result: -1, errno: 1(Operation not permitted)
bind BO-0 to VM 1, vmHandleId = 0, range: ffff800400200000 - ffff800400b01000, size: 9441280, result: -1, errno: 1(Operation not permitted)
bind BO-0 to VM 1, vmHandleId = 0, range: ffff800400200000 - ffff800400951000, size: 7671808, result: -1, errno: 1(Operation not permitted)
bind BO-0 to VM 1, vmHandleId = 0, range: ffff800400200000 - ffff800400b01000, size: 9441280, result: -1, errno: 1(Operation not permitted)
bind BO-0 to VM 1, vmHandleId = 0, range: ffff800400200000 - ffff8004007a1000, size: 5902336, result: -1, errno: 1(Operation not permitted)
bind BO-0 to VM 1, vmHandleId = 0, range: ffff800400200000 - ffff800400681000, size: 4722688, result: -1, errno: 1(Operation not permitted)
bind BO-0 to VM 1, vmHandleId = 0, range: ffff800400200000 - ffff800400b01000, size: 9441280, result: -1, errno: 1(Operation not permitted)
bind BO-0 to VM 1, vmHandleId = 0, range: ffff800400200000 - ffff8004007a1000, size: 5902336, result: -1, errno: 1(Operation not permitted)
bind BO-0 to VM 1, vmHandleId = 0, range: ffff800400200000 - ffff800400711000, size: 5312512, result: -1, errno: 1(Operation not permitted)
bind BO-0 to VM 1, vmHandleId = 0, range: ffff800400200000 - ffff8004007a1000, size: 5902336, result: -1, errno: 1(Operation not permitted)
bind BO-0 to VM 1, vmHandleId = 0, range: ffff800400200000 - ffff800400a71000, size: 8851456, result: -1, errno: 1(Operation not permitted)
bind BO-0 to VM 1, vmHandleId = 0, range: ffff800400200000 - ffff8004009e1000, size: 8261632, result: -1, errno: 1(Operation not permitted)
bind BO-0 to VM 1, vmHandleId = 0, range: ffff800400200000 - ffff800400711000, size: 5312512, result: -1, errno: 1(Operation not permitted)
bind BO-0 to VM 1, vmHandleId = 0, range: ffff800400200000 - ffff8004007a1000, size: 5902336, result: -1, errno: 1(Operation not permitted)
bind BO-0 to VM 1, vmHandleId = 0, range: ffff800400200000 - ffff800400711000, size: 5312512, result: -1, errno: 1(Operation not permitted)
bind BO-0 to VM 1, vmHandleId = 0, range: ffff800400200000 - ffff8004007a1000, size: 5902336, result: -1, errno: 1(Operation not permitted)
bind BO-0 to VM 1, vmHandleId = 0, range: ffff800400200000 - ffff800400a71000, size: 8851456, result: -1, errno: 1(Operation not permitted)
bind BO-0 to VM 1, vmHandleId = 0, range: ffff800400200000 - ffff8004009e1000, size: 8261632, result: -1, errno: 1(Operation not permitted)
bind BO-0 to VM 1, vmHandleId = 0, range: ffff800400200000 - ffff800400711000, size: 5312512, result: -1, errno: 1(Operation not permitted)
bind BO-0 to VM 1, vmHandleId = 0, range: ffff800400200000 - ffff8004007a1000, size: 5902336, result: -1, errno: 1(Operation not permitted)
bind BO-0 to VM 1, vmHandleId = 0, range: ffff800400200000 - ffff800400711000, size: 5312512, result: -1, errno: 1(Operation not permitted)
bind BO-0 to VM 1, vmHandleId = 0, range: ffff800400200000 - ffff8004007a1000, size: 5902336, result: -1, errno: 1(Operation not permitted)
bind BO-0 to VM 1, vmHandleId = 0, range: ffff800400200000 - ffff800400a71000, size: 8851456, result: -1, errno: 1(Operation not permitted)
bind BO-0 to VM 1, vmHandleId = 0, range: ffff800400200000 - ffff8004009e1000, size: 8261632, result: -1, errno: 1(Operation not permitted)
bind BO-0 to VM 1, vmHandleId = 0, range: ffff800400200000 - ffff800400711000, size: 5312512, result: -1, errno: 1(Operation not permitted)
bind BO-0 to VM 1, vmHandleId = 0, range: ffff800400200000 - ffff800400681000, size: 4722688, result: -1, errno: 1(Operation not permitted)
bind BO-0 to VM 1, vmHandleId = 0, range: ffff800400200000 - ffff8004008c1000, size: 7081984, result: -1, errno: 1(Operation not permitted)
bind BO-0 to VM 1, vmHandleId = 0, range: ffff800400200000 - ffff800400681000, size: 4722688, result: -1, errno: 1(Operation not permitted)
bind BO-0 to VM 1, vmHandleId = 0, range: ffff800400200000 - ffff800400711000, size: 5312512, result: -1, errno: 1(Operation not permitted)
bind BO-0 to VM 1, vmHandleId = 0, range: ffff800400200000 - ffff800400681000, size: 4722688, result: -1, errno: 1(Operation not permitted)
bind BO-0 to VM 1, vmHandleId = 0, range: ffff800400200000 - ffff8004008c1000, size: 7081984, result: -1, errno: 1(Operation not permitted)
bind BO-0 to VM 1, vmHandleId = 0, range: ffff800400200000 - ffff800400681000, size: 4722688, result: -1, errno: 1(Operation not permitted)
bind BO-0 to VM 1, vmHandleId = 0, range: ffff800400200000 - ffff800400711000, size: 5312512, result: -1, errno: 1(Operation not permitted)
bind BO-0 to VM 1, vmHandleId = 0, range: ffff800400200000 - ffff8004006ed000, size: 5165056, result: -1, errno: 1(Operation not permitted)
bind BO-0 to VM 1, vmHandleId = 0, range: ffff800400200000 - ffff800400891000, size: 6885376, result: -1, errno: 1(Operation not permitted)
bind BO-0 to VM 1, vmHandleId = 0, range: ffff800400200000 - ffff800400bd9000, size: 10326016, result: -1, errno: 1(Operation not permitted)
bind BO-0 to VM 1, vmHandleId = 0, range: ffff800400200000 - ffff80040061b000, size: 4304896, result: -1, errno: 1(Operation not permitted)
bind BO-0 to VM 1, vmHandleId = 0, range: ffff800400200000 - ffff80040061b000, size: 4304896, result: -1, errno: 1(Operation not permitted)
bind BO-0 to VM 1, vmHandleId = 0, range: ffff800400200000 - ffff8004006ed000, size: 5165056, result: -1, errno: 1(Operation not permitted)
bind BO-0 to VM 1, vmHandleId = 0, range: ffff800400200000 - ffff800400891000, size: 6885376, result: -1, errno: 1(Operation not permitted)
bind BO-0 to VM 1, vmHandleId = 0, range: ffff800400200000 - ffff80040061b000, size: 4304896, result: -1, errno: 1(Operation not permitted)
bind BO-0 to VM 1, vmHandleId = 0, range: ffff800400200000 - ffff80040061b000, size: 4304896, result: -1, errno: 1(Operation not permitted)
bind BO-0 to VM 1, vmHandleId = 0, range: ffff800400200000 - ffff8004006ed000, size: 5165056, result: -1, errno: 1(Operation not permitted)
bind BO-0 to VM 1, vmHandleId = 0, range: ffff800400200000 - ffff80040061b000, size: 4304896, result: -1, errno: 1(Operation not permitted)
bind BO-0 to VM 1, vmHandleId = 0, range: ffff800400200000 - ffff800400963000, size: 7745536, result: -1, errno: 1(Operation not permitted)
bind BO-0 to VM 1, vmHandleId = 0, range: ffff800400200000 - ffff8004007bf000, size: 6025216, result: -1, errno: 1(Operation not permitted)
bind BO-0 to VM 1, vmHandleId = 0, range: ffff800400200000 - ffff8004006ed000, size: 5165056, result: -1, errno: 1(Operation not permitted)
bind BO-0 to VM 1, vmHandleId = 0, range: ffff800400200000 - ffff80040061b000, size: 4304896, result: -1, errno: 1(Operation not permitted)
bind BO-0 to VM 1, vmHandleId = 0, range: ffff800400200000 - ffff80040061b000, size: 4304896, result: -1, errno: 1(Operation not permitted)
bind BO-0 to VM 1, vmHandleId = 0, range: ffff800400200000 - ffff800400951000, size: 7671808, result: -1, errno: 1(Operation not permitted)
bind BO-0 to VM 1, vmHandleId = 0, range: ffff800400200000 - ffff800400711000, size: 5312512, result: -1, errno: 1(Operation not permitted)
bind BO-0 to VM 1, vmHandleId = 0, range: ffff800400200000 - ffff800400711000, size: 5312512, result: -1, errno: 1(Operation not permitted)
bind BO-0 to VM 1, vmHandleId = 0, range: ffff800400200000 - ffff800400951000, size: 7671808, result: -1, errno: 1(Operation not permitted)
bind BO-0 to VM 1, vmHandleId = 0, range: ffff800400200000 - ffff800400711000, size: 5312512, result: -1, errno: 1(Operation not permitted)
bind BO-0 to VM 1, vmHandleId = 0, range: ffff800400200000 - ffff800400711000, size: 5312512, result: -1, errno: 1(Operation not permitted)
bind BO-0 to VM 1, vmHandleId = 0, range: ffff800400200000 - ffff800400951000, size: 7671808, result: -1, errno: 1(Operation not permitted)
bind BO-0 to VM 1, vmHandleId = 0, range: ffff800400200000 - ffff800400711000, size: 5312512, result: -1, errno: 1(Operation not permitted)
bind BO-0 to VM 1, vmHandleId = 0, range: ffff800400200000 - ffff800400711000, size: 5312512, result: -1, errno: 1(Operation not permitted)
bind BO-0 to VM 1, vmHandleId = 0, range: ffff800400200000 - ffff800400681000, size: 4722688, result: -1, errno: 1(Operation not permitted)
bind BO-0 to VM 1, vmHandleId = 0, range: ffff800400200000 - ffff8004007a1000, size: 5902336, result: -1, errno: 1(Operation not permitted)
bind BO-0 to VM 1, vmHandleId = 0, range: ffff800400200000 - ffff800400681000, size: 4722688, result: -1, errno: 1(Operation not permitted)
bind BO-0 to VM 1, vmHandleId = 0, range: ffff800400200000 - ffff8004007a1000, size: 5902336, result: -1, errno: 1(Operation not permitted)
bind BO-0 to VM 1, vmHandleId = 0, range: ffff800400200000 - ffff800400681000, size: 4722688, result: -1, errno: 1(Operation not permitted)
bind BO-0 to VM 1, vmHandleId = 0, range: ffff800400200000 - ffff8004007a1000, size: 5902336, result: -1, errno: 1(Operation not permitted)
bind BO-0 to VM 1, vmHandleId = 0, range: ffff800400200000 - ffff800400681000, size: 4722688, result: -1, errno: 1(Operation not permitted)
bind BO-0 to VM 1, vmHandleId = 0, range: ffff800400200000 - ffff800400681000, size: 4722688, result: -1, errno: 1(Operation not permitted)
bind BO-0 to VM 1, vmHandleId = 0, range: ffff800400200000 - ffff80040061b000, size: 4304896, result: -1, errno: 1(Operation not permitted)
bind BO-0 to VM 1, vmHandleId = 0, range: ffff800400200000 - ffff800400891000, size: 6885376, result: -1, errno: 1(Operation not permitted)
bind BO-0 to VM 1, vmHandleId = 0, range: ffff800400200000 - ffff8004006ed000, size: 5165056, result: -1, errno: 1(Operation not permitted)
bind BO-0 to VM 1, vmHandleId = 0, range: ffff800400200000 - ffff80040061b000, size: 4304896, result: -1, errno: 1(Operation not permitted)
bind BO-0 to VM 1, vmHandleId = 0, range: ffff800400200000 - ffff80040061b000, size: 4304896, result: -1, errno: 1(Operation not permitted)
bind BO-0 to VM 1, vmHandleId = 0, range: ffff800400200000 - ffff8004007bf000, size: 6025216, result: -1, errno: 1(Operation not permitted)
bind BO-0 to VM 1, vmHandleId = 0, range: ffff800400200000 - ffff80040061b000, size: 4304896, result: -1, errno: 1(Operation not permitted)
bind BO-0 to VM 1, vmHandleId = 0, range: ffff800400200000 - ffff80040061b000, size: 4304896, result: -1, errno: 1(Operation not permitted)
bind BO-0 to VM 1, vmHandleId = 0, range: ffff800400200000 - ffff8004007bf000, size: 6025216, result: -1, errno: 1(Operation not permitted)
bind BO-0 to VM 1, vmHandleId = 0, range: ffff800400200000 - ffff8004007a1000, size: 5902336, result: -1, errno: 1(Operation not permitted)
bind BO-0 to VM 1, vmHandleId = 0, range: ffff800400200000 - ffff8004007a1000, size: 5902336, result: -1, errno: 1(Operation not permitted)
bind BO-0 to VM 1, vmHandleId = 0, range: ffff800400200000 - ffff8004007a1000, size: 5902336, result: -1, errno: 1(Operation not permitted)
bind BO-0 to VM 1, vmHandleId = 0, range: ffff800400200000 - ffff800400681000, size: 4722688, result: -1, errno: 1(Operation not permitted)
bind BO-0 to VM 1, vmHandleId = 0, range: ffff800400200000 - ffff800400681000, size: 4722688, result: -1, errno: 1(Operation not permitted)
bind BO-0 to VM 1, vmHandleId = 0, range: ffff800400200000 - ffff800400681000, size: 4722688, result: -1, errno: 1(Operation not permitted)
bind BO-0 to VM 1, vmHandleId = 0, range: ffff800400200000 - ffff800400681000, size: 4722688, result: -1, errno: 1(Operation not permitted)
bind BO-0 to VM 1, vmHandleId = 0, range: ffff800400200000 - ffff800400681000, size: 4722688, result: -1, errno: 1(Operation not permitted)
bind BO-0 to VM 1, vmHandleId = 0, range: ffff800400200000 - ffff800400681000, size: 4722688, result: -1, errno: 1(Operation not permitted)
bind BO-0 to VM 1, vmHandleId = 0, range: ffff800400200000 - ffff80040061b000, size: 4304896, result: -1, errno: 1(Operation not permitted)
bind BO-0 to VM 1, vmHandleId = 0, range: ffff800400200000 - ffff80040061b000, size: 4304896, result: -1, errno: 1(Operation not permitted)
bind BO-0 to VM 1, vmHandleId = 0, range: ffff800400200000 - ffff8004006ed000, size: 5165056, result: -1, errno: 1(Operation not permitted)
bind BO-0 to VM 1, vmHandleId = 0, range: ffff800400200000 - ffff800400712000, size: 5316608, result: -1, errno: 1(Operation not permitted)
bind BO-0 to VM 1, vmHandleId = 0, range: ffff800400200000 - ffff800400831000, size: 6492160, result: -1, errno: 1(Operation not permitted)
bind BO-0 to VM 1, vmHandleId = 0, range: ffff800400200000 - ffff800400712000, size: 5316608, result: -1, errno: 1(Operation not permitted)
bind BO-0 to VM 1, vmHandleId = 0, range: ffff800400200000 - ffff800400831000, size: 6492160, result: -1, errno: 1(Operation not permitted)
bind BO-0 to VM 1, vmHandleId = 0, range: ffff800400200000 - ffff800400712000, size: 5316608, result: -1, errno: 1(Operation not permitted)
bind BO-0 to VM 1, vmHandleId = 0, range: ffff800400200000 - ffff800400831000, size: 6492160, result: -1, errno: 1(Operation not permitted)
bind BO-0 to VM 1, vmHandleId = 0, range: ffff800400200000 - ffff800400681000, size: 4722688, result: -1, errno: 1(Operation not permitted)
bind BO-0 to VM 1, vmHandleId = 0, range: ffff800400200000 - ffff800400681000, size: 4722688, result: -1, errno: 1(Operation not permitted)
bind BO-0 to VM 1, vmHandleId = 0, range: ffff800400200000 - ffff800400711000, size: 5312512, result: -1, errno: 1(Operation not permitted)
bind BO-0 to VM 1, vmHandleId = 0, range: ffff800400200000 - ffff8004007a1000, size: 5902336, result: -1, errno: 1(Operation not permitted)
bind BO-0 to VM 1, vmHandleId = 0, range: ffff800400200000 - ffff800400681000, size: 4722688, result: -1, errno: 1(Operation not permitted)
bind BO-0 to VM 1, vmHandleId = 0, range: ffff800400200000 - ffff800400681000, size: 4722688, result: -1, errno: 1(Operation not permitted)
bind BO-0 to VM 1, vmHandleId = 0, range: ffff800400200000 - ffff800400711000, size: 5312512, result: -1, errno: 1(Operation not permitted)
bind BO-0 to VM 1, vmHandleId = 0, range: ffff800400200000 - ffff8004007a1000, size: 5902336, result: -1, errno: 1(Operation not permitted)
bind BO-0 to VM 1, vmHandleId = 0, range: ffff800400200000 - ffff80040061b000, size: 4304896, result: -1, errno: 1(Operation not permitted)
bind BO-0 to VM 1, vmHandleId = 0, range: ffff800400200000 - ffff80040061b000, size: 4304896, result: -1, errno: 1(Operation not permitted)
bind BO-0 to VM 1, vmHandleId = 0, range: ffff800400200000 - ffff800400891000, size: 6885376, result: -1, errno: 1(Operation not permitted)
bind BO-0 to VM 1, vmHandleId = 0, range: ffff800400200000 - ffff800400891000, size: 6885376, result: -1, errno: 1(Operation not permitted)
bind BO-0 to VM 1, vmHandleId = 0, range: ffff800400200000 - ffff80040061b000, size: 4304896, result: -1, errno: 1(Operation not permitted)
bind BO-0 to VM 1, vmHandleId = 0, range: ffff800400200000 - ffff800400963000, size: 7745536, result: -1, errno: 1(Operation not permitted)
bind BO-0 to VM 1, vmHandleId = 0, range: ffff800400200000 - ffff8004006ed000, size: 5165056, result: -1, errno: 1(Operation not permitted)
bind BO-0 to VM 1, vmHandleId = 0, range: ffff800400200000 - ffff80040061b000, size: 4304896, result: -1, errno: 1(Operation not permitted)
bind BO-0 to VM 1, vmHandleId = 0, range: ffff800400200000 - ffff80040061b000, size: 4304896, result: -1, errno: 1(Operation not permitted)
bind BO-0 to VM 1, vmHandleId = 0, range: ffff800400200000 - ffff80040061b000, size: 4304896, result: -1, errno: 1(Operation not permitted)
bind BO-0 to VM 1, vmHandleId = 0, range: ffff800400200000 - ffff800400a35000, size: 8605696, result: -1, errno: 1(Operation not permitted)
bind BO-0 to VM 1, vmHandleId = 0, range: ffff800400200000 - ffff8004007bf000, size: 6025216, result: -1, errno: 1(Operation not permitted)
bind BO-0 to VM 1, vmHandleId = 0, range: ffff800400200000 - ffff800400681000, size: 4722688, result: -1, errno: 1(Operation not permitted)
bind BO-0 to VM 1, vmHandleId = 0, range: ffff800400200000 - ffff800400681000, size: 4722688, result: -1, errno: 1(Operation not permitted)
bind BO-0 to VM 1, vmHandleId = 0, range: ffff800400200000 - ffff800400831000, size: 6492160, result: -1, errno: 1(Operation not permitted)
bind BO-0 to VM 1, vmHandleId = 0, range: ffff800400200000 - ffff800400681000, size: 4722688, result: -1, errno: 1(Operation not permitted)
bind BO-0 to VM 1, vmHandleId = 0, range: ffff800400200000 - ffff8004008c1000, size: 7081984, result: -1, errno: 1(Operation not permitted)
bind BO-0 to VM 1, vmHandleId = 0, range: ffff800400200000 - ffff8004008c1000, size: 7081984, result: -1, errno: 1(Operation not permitted)
bind BO-0 to VM 1, vmHandleId = 0, range: ffff800400200000 - ffff800400681000, size: 4722688, result: -1, errno: 1(Operation not permitted)
bind BO-0 to VM 1, vmHandleId = 0, range: ffff800400200000 - ffff800400cb1000, size: 11210752, result: -1, errno: 1(Operation not permitted)
bind BO-0 to VM 1, vmHandleId = 0, range: ffff800400200000 - ffff8004008c1000, size: 7081984, result: -1, errno: 1(Operation not permitted)
bind BO-0 to VM 1, vmHandleId = 0, range: ffff800400200000 - ffff800400681000, size: 4722688, result: -1, errno: 1(Operation not permitted)
bind BO-0 to VM 1, vmHandleId = 0, range: ffff800400200000 - ffff800400681000, size: 4722688, result: -1, errno: 1(Operation not permitted)
bind BO-0 to VM 1, vmHandleId = 0, range: ffff800400200000 - ffff800400711000, size: 5312512, result: -1, errno: 1(Operation not permitted)
bind BO-0 to VM 1, vmHandleId = 0, range: ffff800400200000 - ffff800400681000, size: 4722688, result: -1, errno: 1(Operation not permitted)
bind BO-0 to VM 1, vmHandleId = 0, range: ffff800400200000 - ffff800400681000, size: 4722688, result: -1, errno: 1(Operation not permitted)
bind BO-0 to VM 1, vmHandleId = 0, range: ffff800400200000 - ffff800400681000, size: 4722688, result: -1, errno: 1(Operation not permitted)
bind BO-0 to VM 1, vmHandleId = 0, range: ffff800400200000 - ffff800400831000, size: 6492160, result: -1, errno: 1(Operation not permitted)
bind BO-0 to VM 1, vmHandleId = 0, range: ffff800400200000 - ffff800400681000, size: 4722688, result: -1, errno: 1(Operation not permitted)
bind BO-0 to VM 1, vmHandleId = 0, range: ffff800400200000 - ffff8004008c1000, size: 7081984, result: -1, errno: 1(Operation not permitted)
bind BO-0 to VM 1, vmHandleId = 0, range: ffff800400200000 - ffff8004008c1000, size: 7081984, result: -1, errno: 1(Operation not permitted)
bind BO-0 to VM 1, vmHandleId = 0, range: ffff800400200000 - ffff800400681000, size: 4722688, result: -1, errno: 1(Operation not permitted)
bind BO-0 to VM 1, vmHandleId = 0, range: ffff800400200000 - ffff800400cb1000, size: 11210752, result: -1, errno: 1(Operation not permitted)
bind BO-0 to VM 1, vmHandleId = 0, range: ffff800400200000 - ffff8004008c1000, size: 7081984, result: -1, errno: 1(Operation not permitted)
bind BO-0 to VM 1, vmHandleId = 0, range: ffff800400200000 - ffff800400681000, size: 4722688, result: -1, errno: 1(Operation not permitted)
bind BO-0 to VM 1, vmHandleId = 0, range: ffff800400200000 - ffff800400681000, size: 4722688, result: -1, errno: 1(Operation not permitted)
bind BO-0 to VM 1, vmHandleId = 0, range: ffff800400200000 - ffff800400711000, size: 5312512, result: -1, errno: 1(Operation not permitted)
bind BO-0 to VM 1, vmHandleId = 0, range: ffff800400200000 - ffff800400681000, size: 4722688, result: -1, errno: 1(Operation not permitted)
bind BO-0 to VM 1, vmHandleId = 0, range: ffff800400200000 - ffff800400681000, size: 4722688, result: -1, errno: 1(Operation not permitted)
bind BO-0 to VM 1, vmHandleId = 0, range: ffff800400200000 - ffff800400681000, size: 4722688, result: -1, errno: 1(Operation not permitted)
bind BO-0 to VM 1, vmHandleId = 0, range: ffff800400200000 - ffff800400831000, size: 6492160, result: -1, errno: 1(Operation not permitted)
bind BO-0 to VM 1, vmHandleId = 0, range: ffff800400200000 - ffff800400681000, size: 4722688, result: -1, errno: 1(Operation not permitted)
bind BO-0 to VM 1, vmHandleId = 0, range: ffff800400200000 - ffff8004008c1000, size: 7081984, result: -1, errno: 1(Operation not permitted)
bind BO-0 to VM 1, vmHandleId = 0, range: ffff800400200000 - ffff8004008c1000, size: 7081984, result: -1, errno: 1(Operation not permitted)
bind BO-0 to VM 1, vmHandleId = 0, range: ffff800400200000 - ffff800400681000, size: 4722688, result: -1, errno: 1(Operation not permitted)
bind BO-0 to VM 1, vmHandleId = 0, range: ffff800400200000 - ffff800400cb1000, size: 11210752, result: -1, errno: 1(Operation not permitted)
bind BO-0 to VM 1, vmHandleId = 0, range: ffff800400200000 - ffff8004008c1000, size: 7081984, result: -1, errno: 1(Operation not permitted)
bind BO-0 to VM 1, vmHandleId = 0, range: ffff800400200000 - ffff800400681000, size: 4722688, result: -1, errno: 1(Operation not permitted)
bind BO-0 to VM 1, vmHandleId = 0, range: ffff800400200000 - ffff800400681000, size: 4722688, result: -1, errno: 1(Operation not permitted)
bind BO-0 to VM 1, vmHandleId = 0, range: ffff800400200000 - ffff800400711000, size: 5312512, result: -1, errno: 1(Operation not permitted)
bind BO-0 to VM 1, vmHandleId = 0, range: ffff800400200000 - ffff800400681000, size: 4722688, result: -1, errno: 1(Operation not permitted)
bind BO-0 to VM 1, vmHandleId = 0, range: ffff800400200000 - ffff800400681000, size: 4722688, result: -1, errno: 1(Operation not permitted)
bind BO-0 to VM 1, vmHandleId = 0, range: ffff800400200000 - ffff800400711000, size: 5312512, result: -1, errno: 1(Operation not permitted)
bind BO-0 to VM 1, vmHandleId = 0, range: ffff800400200000 - ffff8004007a1000, size: 5902336, result: -1, errno: 1(Operation not permitted)
bind BO-0 to VM 1, vmHandleId = 0, range: ffff800400200000 - ffff800400951000, size: 7671808, result: -1, errno: 1(Operation not permitted)
bind BO-0 to VM 1, vmHandleId = 0, range: ffff800400200000 - ffff800400711000, size: 5312512, result: -1, errno: 1(Operation not permitted)
bind BO-0 to VM 1, vmHandleId = 0, range: ffff800400200000 - ffff8004007a1000, size: 5902336, result: -1, errno: 1(Operation not permitted)
bind BO-0 to VM 1, vmHandleId = 0, range: ffff800400200000 - ffff8004007a1000, size: 5902336, result: -1, errno: 1(Operation not permitted)
bind BO-0 to VM 1, vmHandleId = 0, range: ffff800400200000 - ffff800400b01000, size: 9441280, result: -1, errno: 1(Operation not permitted)
bind BO-0 to VM 1, vmHandleId = 0, range: ffff800400200000 - ffff800400711000, size: 5312512, result: -1, errno: 1(Operation not permitted)
bind BO-0 to VM 1, vmHandleId = 0, range: ffff800400200000 - ffff800400681000, size: 4722688, result: -1, errno: 1(Operation not permitted)
bind BO-0 to VM 1, vmHandleId = 0, range: ffff800400200000 - ffff800400711000, size: 5312512, result: -1, errno: 1(Operation not permitted)
bind BO-0 to VM 1, vmHandleId = 0, range: ffff800400200000 - ffff8004007a1000, size: 5902336, result: -1, errno: 1(Operation not permitted)
bind BO-0 to VM 1, vmHandleId = 0, range: ffff800400200000 - ffff800400951000, size: 7671808, result: -1, errno: 1(Operation not permitted)
bind BO-0 to VM 1, vmHandleId = 0, range: ffff800400200000 - ffff800400711000, size: 5312512, result: -1, errno: 1(Operation not permitted)
bind BO-0 to VM 1, vmHandleId = 0, range: ffff800400200000 - ffff8004007a1000, size: 5902336, result: -1, errno: 1(Operation not permitted)
bind BO-0 to VM 1, vmHandleId = 0, range: ffff800400200000 - ffff8004007a1000, size: 5902336, result: -1, errno: 1(Operation not permitted)
bind BO-0 to VM 1, vmHandleId = 0, range: ffff800400200000 - ffff800400b01000, size: 9441280, result: -1, errno: 1(Operation not permitted)
bind BO-0 to VM 1, vmHandleId = 0, range: ffff800400200000 - ffff800400711000, size: 5312512, result: -1, errno: 1(Operation not permitted)
bind BO-0 to VM 1, vmHandleId = 0, range: ffff800400200000 - ffff800400681000, size: 4722688, result: -1, errno: 1(Operation not permitted)
bind BO-0 to VM 1, vmHandleId = 0, range: ffff800400200000 - ffff800400711000, size: 5312512, result: -1, errno: 1(Operation not permitted)
bind BO-0 to VM 1, vmHandleId = 0, range: ffff800400200000 - ffff8004007a1000, size: 5902336, result: -1, errno: 1(Operation not permitted)
bind BO-0 to VM 1, vmHandleId = 0, range: ffff800400200000 - ffff800400951000, size: 7671808, result: -1, errno: 1(Operation not permitted)
bind BO-0 to VM 1, vmHandleId = 0, range: ffff800400200000 - ffff800400711000, size: 5312512, result: -1, errno: 1(Operation not permitted)
bind BO-0 to VM 1, vmHandleId = 0, range: ffff800400200000 - ffff8004007a1000, size: 5902336, result: -1, errno: 1(Operation not permitted)
bind BO-0 to VM 1, vmHandleId = 0, range: ffff800400200000 - ffff8004007a1000, size: 5902336, result: -1, errno: 1(Operation not permitted)
bind BO-0 to VM 1, vmHandleId = 0, range: ffff800400200000 - ffff800400b01000, size: 9441280, result: -1, errno: 1(Operation not permitted)
bind BO-0 to VM 1, vmHandleId = 0, range: ffff800400200000 - ffff800400711000, size: 5312512, result: -1, errno: 1(Operation not permitted)
bind BO-0 to VM 1, vmHandleId = 0, range: ffff800400200000 - ffff800400681000, size: 4722688, result: -1, errno: 1(Operation not permitted)
bind BO-0 to VM 1, vmHandleId = 0, range: ffff800400200000 - ffff800400681000, size: 4722688, result: -1, errno: 1(Operation not permitted)
bind BO-0 to VM 1, vmHandleId = 0, range: ffff800400200000 - ffff800400831000, size: 6492160, result: -1, errno: 1(Operation not permitted)
bind BO-0 to VM 1, vmHandleId = 0, range: ffff800400200000 - ffff8004009e1000, size: 8261632, result: -1, errno: 1(Operation not permitted)
bind BO-0 to VM 1, vmHandleId = 0, range: ffff800400200000 - ffff800400681000, size: 4722688, result: -1, errno: 1(Operation not permitted)
bind BO-0 to VM 1, vmHandleId = 0, range: ffff800400200000 - ffff800400681000, size: 4722688, result: -1, errno: 1(Operation not permitted)
bind BO-0 to VM 1, vmHandleId = 0, range: ffff800400200000 - ffff800400831000, size: 6492160, result: -1, errno: 1(Operation not permitted)
bind BO-0 to VM 1, vmHandleId = 0, range: ffff800400200000 - ffff8004009e1000, size: 8261632, result: -1, errno: 1(Operation not permitted)
bind BO-0 to VM 1, vmHandleId = 0, range: ffff800400200000 - ffff800400891000, size: 6885376, result: -1, errno: 1(Operation not permitted)
bind BO-0 to VM 1, vmHandleId = 0, range: ffff800400200000 - ffff8004006ed000, size: 5165056, result: -1, errno: 1(Operation not permitted)
bind BO-0 to VM 1, vmHandleId = 0, range: ffff800400200000 - ffff80040061b000, size: 4304896, result: -1, errno: 1(Operation not permitted)
bind BO-0 to VM 1, vmHandleId = 0, range: ffff800400200000 - ffff800400891000, size: 6885376, result: -1, errno: 1(Operation not permitted)
bind BO-0 to VM 1, vmHandleId = 0, range: ffff800400200000 - ffff8004006ed000, size: 5165056, result: -1, errno: 1(Operation not permitted)
bind BO-0 to VM 1, vmHandleId = 0, range: ffff800400200000 - ffff800400b07000, size: 9465856, result: -1, errno: 1(Operation not permitted)
bind BO-0 to VM 1, vmHandleId = 0, range: ffff800400200000 - ffff800400d7d000, size: 12046336, result: -1, errno: 1(Operation not permitted)
bind BO-0 to VM 1, vmHandleId = 0, range: ffff800400200000 - ffff80040061b000, size: 4304896, result: -1, errno: 1(Operation not permitted)
bind BO-0 to VM 1, vmHandleId = 0, range: ffff800400200000 - ffff80040061b000, size: 4304896, result: -1, errno: 1(Operation not permitted)
bind BO-0 to VM 1, vmHandleId = 0, range: ffff800400200000 - ffff80040061b000, size: 4304896, result: -1, errno: 1(Operation not permitted)
bind BO-0 to VM 1, vmHandleId = 0, range: ffff800400200000 - ffff800400681000, size: 4722688, result: -1, errno: 1(Operation not permitted)
bind BO-0 to VM 1, vmHandleId = 0, range: ffff800400200000 - ffff800400681000, size: 4722688, result: -1, errno: 1(Operation not permitted)
bind BO-0 to VM 1, vmHandleId = 0, range: ffff800400200000 - ffff800400681000, size: 4722688, result: -1, errno: 1(Operation not permitted)
bind BO-0 to VM 1, vmHandleId = 0, range: ffff800400200000 - ffff800400681000, size: 4722688, result: -1, errno: 1(Operation not permitted)
bind BO-0 to VM 1, vmHandleId = 0, range: ffff800400200000 - ffff800400681000, size: 4722688, result: -1, errno: 1(Operation not permitted)
bind BO-0 to VM 1, vmHandleId = 0, range: ffff800400200000 - ffff800400681000, size: 4722688, result: -1, errno: 1(Operation not permitted)
bind BO-0 to VM 1, vmHandleId = 0, range: ffff800400200000 - ffff800400681000, size: 4722688, result: -1, errno: 1(Operation not permitted)
bind BO-0 to VM 1, vmHandleId = 0, range: ffff800400200000 - ffff800400711000, size: 5312512, result: -1, errno: 1(Operation not permitted)
bind BO-0 to VM 1, vmHandleId = 0, range: ffff800400200000 - ffff800400681000, size: 4722688, result: -1, errno: 1(Operation not permitted)
bind BO-0 to VM 1, vmHandleId = 0, range: ffff800400200000 - ffff800400711000, size: 5312512, result: -1, errno: 1(Operation not permitted)
bind BO-0 to VM 1, vmHandleId = 0, range: ffff800400200000 - ffff800400891000, size: 6885376, result: -1, errno: 1(Operation not permitted)
bind BO-0 to VM 1, vmHandleId = 0, range: ffff800400200000 - ffff80040061b000, size: 4304896, result: -1, errno: 1(Operation not permitted)
bind BO-0 to VM 1, vmHandleId = 0, range: ffff800400200000 - ffff80040061b000, size: 4304896, result: -1, errno: 1(Operation not permitted)
bind BO-0 to VM 1, vmHandleId = 0, range: ffff800400200000 - ffff800400963000, size: 7745536, result: -1, errno: 1(Operation not permitted)
bind BO-0 to VM 1, vmHandleId = 0, range: ffff800400200000 - ffff800400681000, size: 4722688, result: -1, errno: 1(Operation not permitted)
bind BO-0 to VM 1, vmHandleId = 0, range: ffff800400200000 - ffff800400681000, size: 4722688, result: -1, errno: 1(Operation not permitted)
bind BO-0 to VM 1, vmHandleId = 0, range: ffff800400200000 - ffff800400681000, size: 4722688, result: -1, errno: 1(Operation not permitted)
bind BO-0 to VM 1, vmHandleId = 0, range: ffff800400200000 - ffff800400681000, size: 4722688, result: -1, errno: 1(Operation not permitted)
bind BO-0 to VM 1, vmHandleId = 0, range: ffff800400200000 - ffff800400681000, size: 4722688, result: -1, errno: 1(Operation not permitted)
bind BO-0 to VM 1, vmHandleId = 0, range: ffff800400200000 - ffff800400681000, size: 4722688, result: -1, errno: 1(Operation not permitted)
bind BO-0 to VM 1, vmHandleId = 0, range: ffff800400200000 - ffff8004007a1000, size: 5902336, result: -1, errno: 1(Operation not permitted)
bind BO-0 to VM 1, vmHandleId = 0, range: ffff800400200000 - ffff8004007a1000, size: 5902336, result: -1, errno: 1(Operation not permitted)
bind BO-0 to VM 1, vmHandleId = 0, range: ffff800400200000 - ffff8004007a1000, size: 5902336, result: -1, errno: 1(Operation not permitted)
bind BO-0 to VM 1, vmHandleId = 0, range: ffff800400200000 - ffff8004007a1000, size: 5902336, result: -1, errno: 1(Operation not permitted)
bind BO-0 to VM 1, vmHandleId = 0, range: ffff800400200000 - ffff8004007a1000, size: 5902336, result: -1, errno: 1(Operation not permitted)
bind BO-0 to VM 1, vmHandleId = 0, range: ffff800400200000 - ffff8004007a1000, size: 5902336, result: -1, errno: 1(Operation not permitted)
bind BO-0 to VM 1, vmHandleId = 0, range: ffff800400200000 - ffff80040061b000, size: 4304896, result: -1, errno: 1(Operation not permitted)
bind BO-0 to VM 1, vmHandleId = 0, range: ffff800400200000 - ffff8004006ed000, size: 5165056, result: -1, errno: 1(Operation not permitted)
bind BO-0 to VM 1, vmHandleId = 0, range: ffff800400200000 - ffff80040061b000, size: 4304896, result: -1, errno: 1(Operation not permitted)
bind BO-0 to VM 1, vmHandleId = 0, range: ffff800400200000 - ffff800400681000, size: 4722688, result: -1, errno: 1(Operation not permitted)
bind BO-0 to VM 1, vmHandleId = 0, range: ffff800400200000 - ffff800400681000, size: 4722688, result: -1, errno: 1(Operation not permitted)
bind BO-0 to VM 1, vmHandleId = 0, range: ffff800400200000 - ffff800400681000, size: 4722688, result: -1, errno: 1(Operation not permitted)
bind BO-0 to VM 1, vmHandleId = 0, range: ffff800400200000 - ffff800400681000, size: 4722688, result: -1, errno: 1(Operation not permitted)
bind BO-0 to VM 1, vmHandleId = 0, range: ffff800400200000 - ffff800400681000, size: 4722688, result: -1, errno: 1(Operation not permitted)
bind BO-0 to VM 1, vmHandleId = 0, range: ffff800400200000 - ffff800400891000, size: 6885376, result: -1, errno: 1(Operation not permitted)
bind BO-0 to VM 1, vmHandleId = 0, range: ffff800400200000 - ffff80040061b000, size: 4304896, result: -1, errno: 1(Operation not permitted)
bind BO-0 to VM 1, vmHandleId = 0, range: ffff800400200000 - ffff80040061b000, size: 4304896, result: -1, errno: 1(Operation not permitted)
bind BO-0 to VM 1, vmHandleId = 0, range: ffff800400200000 - ffff800400681000, size: 4722688, result: -1, errno: 1(Operation not permitted)
bind BO-0 to VM 1, vmHandleId = 0, range: ffff800400200000 - ffff800400681000, size: 4722688, result: -1, errno: 1(Operation not permitted)
bind BO-0 to VM 1, vmHandleId = 0, range: ffff800400200000 - ffff800400681000, size: 4722688, result: -1, errno: 1(Operation not permitted)
bind BO-0 to VM 1, vmHandleId = 0, range: ffff800400200000 - ffff800400681000, size: 4722688, result: -1, errno: 1(Operation not permitted)
bind BO-0 to VM 1, vmHandleId = 0, range: ffff800400200000 - ffff800400681000, size: 4722688, result: -1, errno: 1(Operation not permitted)
bind BO-0 to VM 1, vmHandleId = 0, range: ffff800400200000 - ffff800400891000, size: 6885376, result: -1, errno: 1(Operation not permitted)
bind BO-0 to VM 1, vmHandleId = 0, range: ffff800400200000 - ffff8004007bf000, size: 6025216, result: -1, errno: 1(Operation not permitted)
bind BO-0 to VM 1, vmHandleId = 0, range: ffff800400200000 - ffff8004006ed000, size: 5165056, result: -1, errno: 1(Operation not permitted)
bind BO-0 to VM 1, vmHandleId = 0, range: ffff800400200000 - ffff80040061b000, size: 4304896, result: -1, errno: 1(Operation not permitted)
bind BO-0 to VM 1, vmHandleId = 0, range: ffff800400200000 - ffff8004006ed000, size: 5165056, result: -1, errno: 1(Operation not permitted)
bind BO-0 to VM 1, vmHandleId = 0, range: ffff800400200000 - ffff8004007bf000, size: 6025216, result: -1, errno: 1(Operation not permitted)
bind BO-0 to VM 1, vmHandleId = 0, range: ffff800400200000 - ffff80040061b000, size: 4304896, result: -1, errno: 1(Operation not permitted)
bind BO-0 to VM 1, vmHandleId = 0, range: ffff800400200000 - ffff800400681000, size: 4722688, result: -1, errno: 1(Operation not permitted)
bind BO-0 to VM 1, vmHandleId = 0, range: ffff800400200000 - ffff800400681000, size: 4722688, result: -1, errno: 1(Operation not permitted)
bind BO-0 to VM 1, vmHandleId = 0, range: ffff800400200000 - ffff800400711000, size: 5312512, result: -1, errno: 1(Operation not permitted)
bind BO-0 to VM 1, vmHandleId = 0, range: ffff800400200000 - ffff800400681000, size: 4722688, result: -1, errno: 1(Operation not permitted)
bind BO-0 to VM 1, vmHandleId = 0, range: ffff800400200000 - ffff8004008c1000, size: 7081984, result: -1, errno: 1(Operation not permitted)
bind BO-0 to VM 1, vmHandleId = 0, range: ffff800400200000 - ffff800400681000, size: 4722688, result: -1, errno: 1(Operation not permitted)
bind BO-0 to VM 1, vmHandleId = 0, range: ffff800400200000 - ffff800400681000, size: 4722688, result: -1, errno: 1(Operation not permitted)
bind BO-0 to VM 1, vmHandleId = 0, range: ffff800400200000 - ffff800400711000, size: 5312512, result: -1, errno: 1(Operation not permitted)
bind BO-0 to VM 1, vmHandleId = 0, range: ffff800400200000 - ffff800400681000, size: 4722688, result: -1, errno: 1(Operation not permitted)
bind BO-0 to VM 1, vmHandleId = 0, range: ffff800400200000 - ffff8004008c1000, size: 7081984, result: -1, errno: 1(Operation not permitted)
bind BO-0 to VM 1, vmHandleId = 0, range: ffff800400200000 - ffff80040061b000, size: 4304896, result: -1, errno: 1(Operation not permitted)
bind BO-0 to VM 1, vmHandleId = 0, range: ffff800400200000 - ffff800400891000, size: 6885376, result: -1, errno: 1(Operation not permitted)
bind BO-0 to VM 1, vmHandleId = 0, range: ffff800400200000 - ffff80040061b000, size: 4304896, result: -1, errno: 1(Operation not permitted)
bind BO-0 to VM 1, vmHandleId = 0, range: ffff800400200000 - ffff800400891000, size: 6885376, result: -1, errno: 1(Operation not permitted)
bind BO-0 to VM 1, vmHandleId = 0, range: ffff800400200000 - ffff800400963000, size: 7745536, result: -1, errno: 1(Operation not permitted)
bind BO-0 to VM 1, vmHandleId = 0, range: ffff800400200000 - ffff800400891000, size: 6885376, result: -1, errno: 1(Operation not permitted)
bind BO-0 to VM 1, vmHandleId = 0, range: ffff800400200000 - ffff8004006ed000, size: 5165056, result: -1, errno: 1(Operation not permitted)
bind BO-0 to VM 1, vmHandleId = 0, range: ffff800400200000 - ffff80040061b000, size: 4304896, result: -1, errno: 1(Operation not permitted)
bind BO-0 to VM 1, vmHandleId = 0, range: ffff800400200000 - ffff8004006ed000, size: 5165056, result: -1, errno: 1(Operation not permitted)
bind BO-0 to VM 1, vmHandleId = 0, range: ffff800400200000 - ffff8004006ed000, size: 5165056, result: -1, errno: 1(Operation not permitted)
bind BO-0 to VM 1, vmHandleId = 0, range: ffff800400200000 - ffff8004006ed000, size: 5165056, result: -1, errno: 1(Operation not permitted)
bind BO-0 to VM 1, vmHandleId = 0, range: ffff800400200000 - ffff800400bd9000, size: 10326016, result: -1, errno: 1(Operation not permitted)
bind BO-0 to VM 1, vmHandleId = 0, range: ffff800400200000 - ffff80040061b000, size: 4304896, result: -1, errno: 1(Operation not permitted)
bind BO-0 to VM 1, vmHandleId = 0, range: ffff800400200000 - ffff80040061b000, size: 4304896, result: -1, errno: 1(Operation not permitted)
bind BO-0 to VM 1, vmHandleId = 0, range: ffff800400200000 - ffff800400711000, size: 5312512, result: -1, errno: 1(Operation not permitted)
bind BO-0 to VM 1, vmHandleId = 0, range: ffff800400200000 - ffff800400681000, size: 4722688, result: -1, errno: 1(Operation not permitted)
bind BO-0 to VM 1, vmHandleId = 0, range: ffff800400200000 - ffff800400711000, size: 5312512, result: -1, errno: 1(Operation not permitted)
bind BO-0 to VM 1, vmHandleId = 0, range: ffff800400200000 - ffff800400681000, size: 4722688, result: -1, errno: 1(Operation not permitted)
bind BO-0 to VM 1, vmHandleId = 0, range: ffff800400200000 - ffff80040061b000, size: 4304896, result: -1, errno: 1(Operation not permitted)
bind BO-0 to VM 1, vmHandleId = 0, range: ffff800400200000 - ffff800400963000, size: 7745536, result: -1, errno: 1(Operation not permitted)
bind BO-0 to VM 1, vmHandleId = 0, range: ffff800400200000 - ffff800400891000, size: 6885376, result: -1, errno: 1(Operation not permitted)
bind BO-0 to VM 1, vmHandleId = 0, range: ffff800400200000 - ffff80040061b000, size: 4304896, result: -1, errno: 1(Operation not permitted)
bind BO-0 to VM 1, vmHandleId = 0, range: ffff800400200000 - ffff80040061b000, size: 4304896, result: -1, errno: 1(Operation not permitted)
bind BO-0 to VM 1, vmHandleId = 0, range: ffff800400200000 - ffff8004006ed000, size: 5165056, result: -1, errno: 1(Operation not permitted)
bind BO-0 to VM 1, vmHandleId = 0, range: ffff800400200000 - ffff8004006ed000, size: 5165056, result: -1, errno: 1(Operation not permitted)
bind BO-0 to VM 1, vmHandleId = 0, range: ffff800400200000 - ffff80040061b000, size: 4304896, result: -1, errno: 1(Operation not permitted)
bind BO-0 to VM 1, vmHandleId = 0, range: ffff800400200000 - ffff8004006ed000, size: 5165056, result: -1, errno: 1(Operation not permitted)
bind BO-0 to VM 1, vmHandleId = 0, range: ffff800400200000 - ffff8004006ed000, size: 5165056, result: -1, errno: 1(Operation not permitted)
bind BO-0 to VM 1, vmHandleId = 0, range: ffff800400200000 - ffff80040061b000, size: 4304896, result: -1, errno: 1(Operation not permitted)
bind BO-0 to VM 1, vmHandleId = 0, range: ffff800400200000 - ffff80040061c000, size: 4308992, result: -1, errno: 1(Operation not permitted)
bind BO-0 to VM 1, vmHandleId = 0, range: ffff800400200000 - ffff80040061c000, size: 4308992, result: -1, errno: 1(Operation not permitted)
bind BO-0 to VM 1, vmHandleId = 0, range: ffff800400200000 - ffff80040061c000, size: 4308992, result: -1, errno: 1(Operation not permitted)
bind BO-0 to VM 1, vmHandleId = 0, range: ffff800400200000 - ffff80040061c000, size: 4308992, result: -1, errno: 1(Operation not permitted)
bind BO-0 to VM 1, vmHandleId = 0, range: ffff800400200000 - ffff800400b91000, size: 10031104, result: -1, errno: 1(Operation not permitted)
bind BO-0 to VM 1, vmHandleId = 0, range: ffff800400200000 - ffff800401881000, size: 23597056, result: -1, errno: 1(Operation not permitted)
bind BO-0 to VM 1, vmHandleId = 0, range: ffff800400200000 - ffff800400681000, size: 4722688, result: -1, errno: 1(Operation not permitted)
bind BO-0 to VM 1, vmHandleId = 0, range: ffff800400200000 - ffff800400711000, size: 5312512, result: -1, errno: 1(Operation not permitted)
bind BO-0 to VM 1, vmHandleId = 0, range: ffff800400200000 - ffff8004007a1000, size: 5902336, result: -1, errno: 1(Operation not permitted)
bind BO-0 to VM 1, vmHandleId = 0, range: ffff800400200000 - ffff800400cb1000, size: 11210752, result: -1, errno: 1(Operation not permitted)
bind BO-0 to VM 1, vmHandleId = 0, range: ffff800400200000 - ffff800400681000, size: 4722688, result: -1, errno: 1(Operation not permitted)
bind BO-0 to VM 1, vmHandleId = 0, range: ffff800400200000 - ffff800400b01000, size: 9441280, result: -1, errno: 1(Operation not permitted)
bind BO-0 to VM 1, vmHandleId = 0, range: ffff800400200000 - ffff8004009e1000, size: 8261632, result: -1, errno: 1(Operation not permitted)
bind BO-0 to VM 1, vmHandleId = 0, range: ffff800400200000 - ffff800400cb1000, size: 11210752, result: -1, errno: 1(Operation not permitted)
bind BO-0 to VM 1, vmHandleId = 0, range: ffff800400200000 - ffff8004008c1000, size: 7081984, result: -1, errno: 1(Operation not permitted)
bind BO-0 to VM 1, vmHandleId = 0, range: ffff800400200000 - ffff800400681000, size: 4722688, result: -1, errno: 1(Operation not permitted)
bind BO-0 to VM 1, vmHandleId = 0, range: ffff800400200000 - ffff800400b91000, size: 10031104, result: -1, errno: 1(Operation not permitted)
bind BO-0 to VM 1, vmHandleId = 0, range: ffff800400200000 - ffff800401881000, size: 23597056, result: -1, errno: 1(Operation not permitted)
bind BO-0 to VM 1, vmHandleId = 0, range: ffff800400200000 - ffff800400681000, size: 4722688, result: -1, errno: 1(Operation not permitted)
bind BO-0 to VM 1, vmHandleId = 0, range: ffff800400200000 - ffff800400711000, size: 5312512, result: -1, errno: 1(Operation not permitted)
bind BO-0 to VM 1, vmHandleId = 0, range: ffff800400200000 - ffff8004007a1000, size: 5902336, result: -1, errno: 1(Operation not permitted)
bind BO-0 to VM 1, vmHandleId = 0, range: ffff800400200000 - ffff800400cb1000, size: 11210752, result: -1, errno: 1(Operation not permitted)
bind BO-0 to VM 1, vmHandleId = 0, range: ffff800400200000 - ffff800400681000, size: 4722688, result: -1, errno: 1(Operation not permitted)
bind BO-0 to VM 1, vmHandleId = 0, range: ffff800400200000 - ffff800400b01000, size: 9441280, result: -1, errno: 1(Operation not permitted)
bind BO-0 to VM 1, vmHandleId = 0, range: ffff800400200000 - ffff8004009e1000, size: 8261632, result: -1, errno: 1(Operation not permitted)
bind BO-0 to VM 1, vmHandleId = 0, range: ffff800400200000 - ffff800400cb1000, size: 11210752, result: -1, errno: 1(Operation not permitted)
bind BO-0 to VM 1, vmHandleId = 0, range: ffff800400200000 - ffff8004008c1000, size: 7081984, result: -1, errno: 1(Operation not permitted)
bind BO-0 to VM 1, vmHandleId = 0, range: ffff800400200000 - ffff800400681000, size: 4722688, result: -1, errno: 1(Operation not permitted)
bind BO-0 to VM 1, vmHandleId = 0, range: ffff800400200000 - ffff8004006ed000, size: 5165056, result: -1, errno: 1(Operation not permitted)
bind BO-0 to VM 1, vmHandleId = 0, range: ffff800400200000 - ffff800400ff3000, size: 14626816, result: -1, errno: 1(Operation not permitted)
bind BO-0 to VM 1, vmHandleId = 0, range: ffff800400200000 - ffff8004022d1000, size: 34410496, result: -1, errno: 1(Operation not permitted)
bind BO-0 to VM 1, vmHandleId = 0, range: ffff800400200000 - ffff800400891000, size: 6885376, result: -1, errno: 1(Operation not permitted)
bind BO-0 to VM 1, vmHandleId = 0, range: ffff800400200000 - ffff800400963000, size: 7745536, result: -1, errno: 1(Operation not permitted)
bind BO-0 to VM 1, vmHandleId = 0, range: ffff800400200000 - ffff800400a35000, size: 8605696, result: -1, errno: 1(Operation not permitted)
bind BO-0 to VM 1, vmHandleId = 0, range: ffff800400200000 - ffff80040061b000, size: 4304896, result: -1, errno: 1(Operation not permitted)
bind BO-0 to VM 1, vmHandleId = 0, range: ffff800400200000 - ffff800401197000, size: 16347136, result: -1, errno: 1(Operation not permitted)
bind BO-0 to VM 1, vmHandleId = 0, range: ffff800400200000 - ffff800400891000, size: 6885376, result: -1, errno: 1(Operation not permitted)
bind BO-0 to VM 1, vmHandleId = 0, range: ffff800400200000 - ffff8004006ed000, size: 5165056, result: -1, errno: 1(Operation not permitted)
bind BO-0 to VM 1, vmHandleId = 0, range: ffff800400200000 - ffff8004007bf000, size: 6025216, result: -1, errno: 1(Operation not permitted)
bind BO-0 to VM 1, vmHandleId = 0, range: ffff800400200000 - ffff8004006ed000, size: 5165056, result: -1, errno: 1(Operation not permitted)
bind BO-0 to VM 1, vmHandleId = 0, range: ffff800400200000 - ffff800400f21000, size: 13766656, result: -1, errno: 1(Operation not permitted)
bind BO-0 to VM 1, vmHandleId = 0, range: ffff800400200000 - ffff800400d7d000, size: 12046336, result: -1, errno: 1(Operation not permitted)
bind BO-0 to VM 1, vmHandleId = 0, range: ffff800400200000 - ffff800401197000, size: 16347136, result: -1, errno: 1(Operation not permitted)
bind BO-0 to VM 1, vmHandleId = 0, range: ffff800400200000 - ffff800400bd9000, size: 10326016, result: -1, errno: 1(Operation not permitted)
bind BO-0 to VM 1, vmHandleId = 0, range: ffff800400200000 - ffff800400891000, size: 6885376, result: -1, errno: 1(Operation not permitted)
bind BO-0 to VM 1, vmHandleId = 0, range: ffff800400200000 - ffff800400a71000, size: 8851456, result: -1, errno: 1(Operation not permitted)
bind BO-0 to VM 1, vmHandleId = 0, range: ffff800400200000 - ffff8004008c1000, size: 7081984, result: -1, errno: 1(Operation not permitted)
bind BO-0 to VM 1, vmHandleId = 0, range: ffff800400200000 - ffff8004019a1000, size: 24776704, result: -1, errno: 1(Operation not permitted)
bind BO-0 to VM 1, vmHandleId = 0, range: ffff800400200000 - ffff8004007a1000, size: 5902336, result: -1, errno: 1(Operation not permitted)
bind BO-0 to VM 1, vmHandleId = 0, range: ffff800400200000 - ffff800400681000, size: 4722688, result: -1, errno: 1(Operation not permitted)
bind BO-0 to VM 1, vmHandleId = 0, range: ffff800400200000 - ffff800400f81000, size: 14159872, result: -1, errno: 1(Operation not permitted)
bind BO-0 to VM 1, vmHandleId = 0, range: ffff800400200000 - ffff800400a71000, size: 8851456, result: -1, errno: 1(Operation not permitted)
bind BO-0 to VM 1, vmHandleId = 0, range: ffff800400200000 - ffff8004011c1000, size: 16519168, result: -1, errno: 1(Operation not permitted)
bind BO-0 to VM 1, vmHandleId = 0, range: ffff800400200000 - ffff800400cb1000, size: 11210752, result: -1, errno: 1(Operation not permitted)
bind BO-0 to VM 1, vmHandleId = 0, range: ffff800400200000 - ffff8004008c1000, size: 7081984, result: -1, errno: 1(Operation not permitted)
bind BO-0 to VM 1, vmHandleId = 0, range: ffff800400200000 - ffff800400951000, size: 7671808, result: -1, errno: 1(Operation not permitted)
bind BO-0 to VM 1, vmHandleId = 0, range: ffff800400200000 - ffff800400a71000, size: 8851456, result: -1, errno: 1(Operation not permitted)
bind BO-0 to VM 1, vmHandleId = 0, range: ffff800400200000 - ffff8004008c1000, size: 7081984, result: -1, errno: 1(Operation not permitted)
bind BO-0 to VM 1, vmHandleId = 0, range: ffff800400200000 - ffff8004019a1000, size: 24776704, result: -1, errno: 1(Operation not permitted)
bind BO-0 to VM 1, vmHandleId = 0, range: ffff800400200000 - ffff8004007a1000, size: 5902336, result: -1, errno: 1(Operation not permitted)
bind BO-0 to VM 1, vmHandleId = 0, range: ffff800400200000 - ffff800400681000, size: 4722688, result: -1, errno: 1(Operation not permitted)
bind BO-0 to VM 1, vmHandleId = 0, range: ffff800400200000 - ffff800400f81000, size: 14159872, result: -1, errno: 1(Operation not permitted)
bind BO-0 to VM 1, vmHandleId = 0, range: ffff800400200000 - ffff800400a71000, size: 8851456, result: -1, errno: 1(Operation not permitted)
bind BO-0 to VM 1, vmHandleId = 0, range: ffff800400200000 - ffff8004011c1000, size: 16519168, result: -1, errno: 1(Operation not permitted)
bind BO-0 to VM 1, vmHandleId = 0, range: ffff800400200000 - ffff800400cb1000, size: 11210752, result: -1, errno: 1(Operation not permitted)
bind BO-0 to VM 1, vmHandleId = 0, range: ffff800400200000 - ffff8004008c1000, size: 7081984, result: -1, errno: 1(Operation not permitted)
bind BO-0 to VM 1, vmHandleId = 0, range: ffff800400200000 - ffff800400951000, size: 7671808, result: -1, errno: 1(Operation not permitted)
bind BO-0 to VM 1, vmHandleId = 0, range: ffff800400200000 - ffff800400e4f000, size: 12906496, result: -1, errno: 1(Operation not permitted)
bind BO-0 to VM 1, vmHandleId = 0, range: ffff800400200000 - ffff800400bd9000, size: 10326016, result: -1, errno: 1(Operation not permitted)
bind BO-0 to VM 1, vmHandleId = 0, range: ffff800400200000 - ffff800402475000, size: 36130816, result: -1, errno: 1(Operation not permitted)
bind BO-0 to VM 1, vmHandleId = 0, range: ffff800400200000 - ffff800400a35000, size: 8605696, result: -1, errno: 1(Operation not permitted)
bind BO-0 to VM 1, vmHandleId = 0, range: ffff800400200000 - ffff800400891000, size: 6885376, result: -1, errno: 1(Operation not permitted)
bind BO-0 to VM 1, vmHandleId = 0, range: ffff800400200000 - ffff8004007bf000, size: 6025216, result: -1, errno: 1(Operation not permitted)
bind BO-0 to VM 1, vmHandleId = 0, range: ffff800400200000 - ffff8004015b1000, size: 20647936, result: -1, errno: 1(Operation not permitted)
bind BO-0 to VM 1, vmHandleId = 0, range: ffff800400200000 - ffff800400e4f000, size: 12906496, result: -1, errno: 1(Operation not permitted)
bind BO-0 to VM 1, vmHandleId = 0, range: ffff800400200000 - ffff8004018f9000, size: 24088576, result: -1, errno: 1(Operation not permitted)
bind BO-0 to VM 1, vmHandleId = 0, range: ffff800400200000 - ffff800401197000, size: 16347136, result: -1, errno: 1(Operation not permitted)
bind BO-0 to VM 1, vmHandleId = 0, range: ffff800400200000 - ffff800400bd9000, size: 10326016, result: -1, errno: 1(Operation not permitted)
bind BO-0 to VM 1, vmHandleId = 0, range: ffff800400200000 - ffff8004007bf000, size: 6025216, result: -1, errno: 1(Operation not permitted)
bind BO-0 to VM 1, vmHandleId = 0, range: ffff800400200000 - ffff800400cab000, size: 11186176, result: -1, errno: 1(Operation not permitted)
bind BO-0 to VM 1, vmHandleId = 0, range: ffff800400200000 - ffff80040061b000, size: 4304896, result: -1, errno: 1(Operation not permitted)
bind BO-0 to VM 1, vmHandleId = 0, range: ffff800400200000 - ffff8004007a1000, size: 5902336, result: -1, errno: 1(Operation not permitted)
bind BO-0 to VM 1, vmHandleId = 0, range: ffff800400200000 - ffff800401011000, size: 14749696, result: -1, errno: 1(Operation not permitted)
bind BO-0 to VM 1, vmHandleId = 0, range: ffff800400200000 - ffff8004008c1000, size: 7081984, result: -1, errno: 1(Operation not permitted)
bind BO-0 to VM 1, vmHandleId = 0, range: ffff800400200000 - ffff8004009e1000, size: 8261632, result: -1, errno: 1(Operation not permitted)
bind BO-0 to VM 1, vmHandleId = 0, range: ffff800400200000 - ffff8004010a1000, size: 15339520, result: -1, errno: 1(Operation not permitted)
bind BO-0 to VM 1, vmHandleId = 0, range: ffff800400200000 - ffff800401c71000, size: 27725824, result: -1, errno: 1(Operation not permitted)
bind BO-0 to VM 1, vmHandleId = 0, range: ffff800400200000 - ffff800400b91000, size: 10031104, result: -1, errno: 1(Operation not permitted)
bind BO-0 to VM 1, vmHandleId = 0, range: ffff800400200000 - ffff800401491000, size: 19468288, result: -1, errno: 1(Operation not permitted)
bind BO-0 to VM 1, vmHandleId = 0, range: ffff800400200000 - ffff800401b51000, size: 26546176, result: -1, errno: 1(Operation not permitted)
bind BO-0 to VM 1, vmHandleId = 0, range: ffff800400200000 - ffff8004007a1000, size: 5902336, result: -1, errno: 1(Operation not permitted)
bind BO-0 to VM 1, vmHandleId = 0, range: ffff800400200000 - ffff800401011000, size: 14749696, result: -1, errno: 1(Operation not permitted)
bind BO-0 to VM 1, vmHandleId = 0, range: ffff800400200000 - ffff8004008c1000, size: 7081984, result: -1, errno: 1(Operation not permitted)
bind BO-0 to VM 1, vmHandleId = 0, range: ffff800400200000 - ffff8004009e1000, size: 8261632, result: -1, errno: 1(Operation not permitted)
bind BO-0 to VM 1, vmHandleId = 0, range: ffff800400200000 - ffff8004010a1000, size: 15339520, result: -1, errno: 1(Operation not permitted)
bind BO-0 to VM 1, vmHandleId = 0, range: ffff800400200000 - ffff800401c71000, size: 27725824, result: -1, errno: 1(Operation not permitted)
bind BO-0 to VM 1, vmHandleId = 0, range: ffff800400200000 - ffff800400b91000, size: 10031104, result: -1, errno: 1(Operation not permitted)
bind BO-0 to VM 1, vmHandleId = 0, range: ffff800400200000 - ffff800401491000, size: 19468288, result: -1, errno: 1(Operation not permitted)
bind BO-0 to VM 1, vmHandleId = 0, range: ffff800400200000 - ffff800401b51000, size: 26546176, result: -1, errno: 1(Operation not permitted)
bind BO-0 to VM 1, vmHandleId = 0, range: ffff800400200000 - ffff800400a35000, size: 8605696, result: -1, errno: 1(Operation not permitted)
bind BO-0 to VM 1, vmHandleId = 0, range: ffff800400200000 - ffff8004007bf000, size: 6025216, result: -1, errno: 1(Operation not permitted)
bind BO-0 to VM 1, vmHandleId = 0, range: ffff800400200000 - ffff800401683000, size: 21508096, result: -1, errno: 1(Operation not permitted)
bind BO-0 to VM 1, vmHandleId = 0, range: ffff800400200000 - ffff800400bd9000, size: 10326016, result: -1, errno: 1(Operation not permitted)
bind BO-0 to VM 1, vmHandleId = 0, range: ffff800400200000 - ffff800400d7d000, size: 12046336, result: -1, errno: 1(Operation not permitted)
bind BO-0 to VM 1, vmHandleId = 0, range: ffff800400200000 - ffff800401755000, size: 22368256, result: -1, errno: 1(Operation not permitted)
bind BO-0 to VM 1, vmHandleId = 0, range: ffff800400200000 - ffff80040288f000, size: 40431616, result: -1, errno: 1(Operation not permitted)
bind BO-0 to VM 1, vmHandleId = 0, range: ffff800400200000 - ffff800400ff3000, size: 14626816, result: -1, errno: 1(Operation not permitted)
bind BO-0 to VM 1, vmHandleId = 0, range: ffff800400200000 - ffff800401d13000, size: 28389376, result: -1, errno: 1(Operation not permitted)
bind BO-0 to VM 1, vmHandleId = 0, range: ffff800400200000 - ffff8004026eb000, size: 38711296, result: -1, errno: 1(Operation not permitted)
bind BO-0 to VM 1, vmHandleId = 0, range: ffff800400200000 - ffff800400711000, size: 5312512, result: -1, errno: 1(Operation not permitted)
bind BO-0 to VM 1, vmHandleId = 0, range: ffff800400200000 - ffff800400cb1000, size: 11210752, result: -1, errno: 1(Operation not permitted)
bind BO-0 to VM 1, vmHandleId = 0, range: ffff800400200000 - ffff800400b91000, size: 10031104, result: -1, errno: 1(Operation not permitted)
bind BO-0 to VM 1, vmHandleId = 0, range: ffff800400200000 - ffff800400831000, size: 6492160, result: -1, errno: 1(Operation not permitted)
bind BO-0 to VM 1, vmHandleId = 0, range: ffff800400200000 - ffff800400951000, size: 7671808, result: -1, errno: 1(Operation not permitted)
bind BO-0 to VM 1, vmHandleId = 0, range: ffff800400200000 - ffff800400711000, size: 5312512, result: -1, errno: 1(Operation not permitted)
bind BO-0 to VM 1, vmHandleId = 0, range: ffff800400200000 - ffff800400c21000, size: 10620928, result: -1, errno: 1(Operation not permitted)
bind BO-0 to VM 1, vmHandleId = 0, range: ffff800400200000 - ffff800400a71000, size: 8851456, result: -1, errno: 1(Operation not permitted)
bind BO-0 to VM 1, vmHandleId = 0, range: ffff800400200000 - ffff8004009e1000, size: 8261632, result: -1, errno: 1(Operation not permitted)
bind BO-0 to VM 1, vmHandleId = 0, range: ffff800400200000 - ffff800401b51000, size: 26546176, result: -1, errno: 1(Operation not permitted)
bind BO-0 to VM 1, vmHandleId = 0, range: ffff800400200000 - ffff800400711000, size: 5312512, result: -1, errno: 1(Operation not permitted)
bind BO-0 to VM 1, vmHandleId = 0, range: ffff800400200000 - ffff800400cb1000, size: 11210752, result: -1, errno: 1(Operation not permitted)
bind BO-0 to VM 1, vmHandleId = 0, range: ffff800400200000 - ffff800400b91000, size: 10031104, result: -1, errno: 1(Operation not permitted)
bind BO-0 to VM 1, vmHandleId = 0, range: ffff800400200000 - ffff800400831000, size: 6492160, result: -1, errno: 1(Operation not permitted)
bind BO-0 to VM 1, vmHandleId = 0, range: ffff800400200000 - ffff800400951000, size: 7671808, result: -1, errno: 1(Operation not permitted)
bind BO-0 to VM 1, vmHandleId = 0, range: ffff800400200000 - ffff800400711000, size: 5312512, result: -1, errno: 1(Operation not permitted)
bind BO-0 to VM 1, vmHandleId = 0, range: ffff800400200000 - ffff800400c21000, size: 10620928, result: -1, errno: 1(Operation not permitted)
bind BO-0 to VM 1, vmHandleId = 0, range: ffff800400200000 - ffff800400a71000, size: 8851456, result: -1, errno: 1(Operation not permitted)
bind BO-0 to VM 1, vmHandleId = 0, range: ffff800400200000 - ffff8004009e1000, size: 8261632, result: -1, errno: 1(Operation not permitted)
bind BO-0 to VM 1, vmHandleId = 0, range: ffff800400200000 - ffff800401b51000, size: 26546176, result: -1, errno: 1(Operation not permitted)
bind BO-0 to VM 1, vmHandleId = 0, range: ffff800400200000 - ffff800400963000, size: 7745536, result: -1, errno: 1(Operation not permitted)
bind BO-0 to VM 1, vmHandleId = 0, range: ffff800400200000 - ffff8004006ed000, size: 5165056, result: -1, errno: 1(Operation not permitted)
bind BO-0 to VM 1, vmHandleId = 0, range: ffff800400200000 - ffff800401197000, size: 16347136, result: -1, errno: 1(Operation not permitted)
bind BO-0 to VM 1, vmHandleId = 0, range: ffff800400200000 - ffff8004006ed000, size: 5165056, result: -1, errno: 1(Operation not permitted)
bind BO-0 to VM 1, vmHandleId = 0, range: ffff800400200000 - ffff800400ff3000, size: 14626816, result: -1, errno: 1(Operation not permitted)
bind BO-0 to VM 1, vmHandleId = 0, range: ffff800400200000 - ffff8004006ed000, size: 5165056, result: -1, errno: 1(Operation not permitted)
bind BO-0 to VM 1, vmHandleId = 0, range: ffff800400200000 - ffff80040061b000, size: 4304896, result: -1, errno: 1(Operation not permitted)
bind BO-0 to VM 1, vmHandleId = 0, range: ffff800400200000 - ffff8004007bf000, size: 6025216, result: -1, errno: 1(Operation not permitted)
bind BO-0 to VM 1, vmHandleId = 0, range: ffff800400200000 - ffff800400b07000, size: 9465856, result: -1, errno: 1(Operation not permitted)
bind BO-0 to VM 1, vmHandleId = 0, range: ffff800400200000 - ffff800400cab000, size: 11186176, result: -1, errno: 1(Operation not permitted)
bind BO-0 to VM 1, vmHandleId = 0, range: ffff800400200000 - ffff800400963000, size: 7745536, result: -1, errno: 1(Operation not permitted)
bind BO-0 to VM 1, vmHandleId = 0, range: ffff800400200000 - ffff8004010c5000, size: 15486976, result: -1, errno: 1(Operation not permitted)
bind BO-0 to VM 1, vmHandleId = 0, range: ffff800400200000 - ffff800400e4f000, size: 12906496, result: -1, errno: 1(Operation not permitted)
bind BO-0 to VM 1, vmHandleId = 0, range: ffff800400200000 - ffff8004007bf000, size: 6025216, result: -1, errno: 1(Operation not permitted)
bind BO-0 to VM 1, vmHandleId = 0, range: ffff800400200000 - ffff800400d7d000, size: 12046336, result: -1, errno: 1(Operation not permitted)
bind BO-0 to VM 1, vmHandleId = 0, range: ffff800400200000 - ffff8004026eb000, size: 38711296, result: -1, errno: 1(Operation not permitted)
bind BO-0 to VM 1, vmHandleId = 0, range: ffff800400200000 - ffff80040061b000, size: 4304896, result: -1, errno: 1(Operation not permitted)
bind BO-0 to VM 1, vmHandleId = 0, range: ffff800400200000 - ffff800400831000, size: 6492160, result: -1, errno: 1(Operation not permitted)
bind BO-0 to VM 1, vmHandleId = 0, range: ffff800400200000 - ffff800400831000, size: 6492160, result: -1, errno: 1(Operation not permitted)
bind BO-0 to VM 1, vmHandleId = 0, range: ffff800400200000 - ffff8004008c1000, size: 7081984, result: -1, errno: 1(Operation not permitted)
bind BO-0 to VM 1, vmHandleId = 0, range: ffff800400200000 - ffff800400b91000, size: 10031104, result: -1, errno: 1(Operation not permitted)
bind BO-0 to VM 1, vmHandleId = 0, range: ffff800400200000 - ffff8004008c1000, size: 7081984, result: -1, errno: 1(Operation not permitted)
bind BO-0 to VM 1, vmHandleId = 0, range: ffff800400200000 - ffff800400831000, size: 6492160, result: -1, errno: 1(Operation not permitted)
bind BO-0 to VM 1, vmHandleId = 0, range: ffff800400200000 - ffff800400831000, size: 6492160, result: -1, errno: 1(Operation not permitted)
bind BO-0 to VM 1, vmHandleId = 0, range: ffff800400200000 - ffff8004008c1000, size: 7081984, result: -1, errno: 1(Operation not permitted)
bind BO-0 to VM 1, vmHandleId = 0, range: ffff800400200000 - ffff800400b91000, size: 10031104, result: -1, errno: 1(Operation not permitted)
bind BO-0 to VM 1, vmHandleId = 0, range: ffff800400200000 - ffff8004008c1000, size: 7081984, result: -1, errno: 1(Operation not permitted)
bind BO-0 to VM 1, vmHandleId = 0, range: ffff800400200000 - ffff80040061b000, size: 4304896, result: -1, errno: 1(Operation not permitted)
bind BO-0 to VM 1, vmHandleId = 0, range: ffff800400200000 - ffff80040061b000, size: 4304896, result: -1, errno: 1(Operation not permitted)
bind BO-0 to VM 1, vmHandleId = 0, range: ffff800400200000 - ffff80040061b000, size: 4304896, result: -1, errno: 1(Operation not permitted)
bind BO-0 to VM 1, vmHandleId = 0, range: ffff800400200000 - ffff8004007bf000, size: 6025216, result: -1, errno: 1(Operation not permitted)
bind BO-0 to VM 1, vmHandleId = 0, range: ffff800400200000 - ffff800400b07000, size: 9465856, result: -1, errno: 1(Operation not permitted)
bind BO-0 to VM 1, vmHandleId = 0, range: ffff800400200000 - ffff8004007bf000, size: 6025216, result: -1, errno: 1(Operation not permitted)
bind BO-0 to VM 1, vmHandleId = 0, range: ffff800400200000 - ffff80040061b000, size: 4304896, result: -1, errno: 1(Operation not permitted)
bind BO-0 to VM 1, vmHandleId = 0, range: ffff800400200000 - ffff800400b07000, size: 9465856, result: -1, errno: 1(Operation not permitted)
bind BO-0 to VM 1, vmHandleId = 0, range: ffff800400200000 - ffff800400bd9000, size: 10326016, result: -1, errno: 1(Operation not permitted)
bind BO-0 to VM 1, vmHandleId = 0, range: ffff800400200000 - ffff8004006ed000, size: 5165056, result: -1, errno: 1(Operation not permitted)
bind BO-0 to VM 1, vmHandleId = 0, range: ffff800400200000 - ffff8004007bf000, size: 6025216, result: -1, errno: 1(Operation not permitted)
bind BO-0 to VM 1, vmHandleId = 0, range: ffff800400200000 - ffff800400ff3000, size: 14626816, result: -1, errno: 1(Operation not permitted)
bind BO-0 to VM 1, vmHandleId = 0, range: ffff800400200000 - ffff8004006ed000, size: 5165056, result: -1, errno: 1(Operation not permitted)
bind BO-0 to VM 1, vmHandleId = 0, range: ffff800400200000 - ffff800400bd9000, size: 10326016, result: -1, errno: 1(Operation not permitted)
bind BO-0 to VM 1, vmHandleId = 0, range: ffff800400200000 - ffff8004006ed000, size: 5165056, result: -1, errno: 1(Operation not permitted)
bind BO-0 to VM 1, vmHandleId = 0, range: ffff800400200000 - ffff80040061b000, size: 4304896, result: -1, errno: 1(Operation not permitted)
bind BO-0 to VM 1, vmHandleId = 0, range: ffff800400200000 - ffff8004007bf000, size: 6025216, result: -1, errno: 1(Operation not permitted)
bind BO-0 to VM 1, vmHandleId = 0, range: ffff800400200000 - ffff8004006ed000, size: 5165056, result: -1, errno: 1(Operation not permitted)
bind BO-0 to VM 1, vmHandleId = 0, range: ffff800400200000 - ffff8004007a1000, size: 5902336, result: -1, errno: 1(Operation not permitted)
bind BO-0 to VM 1, vmHandleId = 0, range: ffff800400200000 - ffff800400681000, size: 4722688, result: -1, errno: 1(Operation not permitted)
bind BO-0 to VM 1, vmHandleId = 0, range: ffff800400200000 - ffff800400831000, size: 6492160, result: -1, errno: 1(Operation not permitted)
bind BO-0 to VM 1, vmHandleId = 0, range: ffff800400200000 - ffff800400681000, size: 4722688, result: -1, errno: 1(Operation not permitted)
bind BO-0 to VM 1, vmHandleId = 0, range: ffff800400200000 - ffff800400681000, size: 4722688, result: -1, errno: 1(Operation not permitted)
bind BO-0 to VM 1, vmHandleId = 0, range: ffff800400200000 - ffff8004007a1000, size: 5902336, result: -1, errno: 1(Operation not permitted)
bind BO-0 to VM 1, vmHandleId = 0, range: ffff800400200000 - ffff800400681000, size: 4722688, result: -1, errno: 1(Operation not permitted)
bind BO-0 to VM 1, vmHandleId = 0, range: ffff800400200000 - ffff800400831000, size: 6492160, result: -1, errno: 1(Operation not permitted)
bind BO-0 to VM 1, vmHandleId = 0, range: ffff800400200000 - ffff800400681000, size: 4722688, result: -1, errno: 1(Operation not permitted)
bind BO-0 to VM 1, vmHandleId = 0, range: ffff800400200000 - ffff800400681000, size: 4722688, result: -1, errno: 1(Operation not permitted)
bind BO-0 to VM 1, vmHandleId = 0, range: ffff800400200000 - ffff8004007a1000, size: 5902336, result: -1, errno: 1(Operation not permitted)
bind BO-0 to VM 1, vmHandleId = 0, range: ffff800400200000 - ffff800400681000, size: 4722688, result: -1, errno: 1(Operation not permitted)
bind BO-0 to VM 1, vmHandleId = 0, range: ffff800400200000 - ffff800400831000, size: 6492160, result: -1, errno: 1(Operation not permitted)
bind BO-0 to VM 1, vmHandleId = 0, range: ffff800400200000 - ffff800400681000, size: 4722688, result: -1, errno: 1(Operation not permitted)
bind BO-0 to VM 1, vmHandleId = 0, range: ffff800400200000 - ffff800400681000, size: 4722688, result: -1, errno: 1(Operation not permitted)
bind BO-0 to VM 1, vmHandleId = 0, range: ffff800400200000 - ffff800400711000, size: 5312512, result: -1, errno: 1(Operation not permitted)
bind BO-0 to VM 1, vmHandleId = 0, range: ffff800400200000 - ffff8004007a1000, size: 5902336, result: -1, errno: 1(Operation not permitted)
bind BO-0 to VM 1, vmHandleId = 0, range: ffff800400200000 - ffff8004007a1000, size: 5902336, result: -1, errno: 1(Operation not permitted)
bind BO-0 to VM 1, vmHandleId = 0, range: ffff800400200000 - ffff800400681000, size: 4722688, result: -1, errno: 1(Operation not permitted)
bind BO-0 to VM 1, vmHandleId = 0, range: ffff800400200000 - ffff800400711000, size: 5312512, result: -1, errno: 1(Operation not permitted)
bind BO-0 to VM 1, vmHandleId = 0, range: ffff800400200000 - ffff800400711000, size: 5312512, result: -1, errno: 1(Operation not permitted)
bind BO-0 to VM 1, vmHandleId = 0, range: ffff800400200000 - ffff8004007a1000, size: 5902336, result: -1, errno: 1(Operation not permitted)
bind BO-0 to VM 1, vmHandleId = 0, range: ffff800400200000 - ffff8004007a1000, size: 5902336, result: -1, errno: 1(Operation not permitted)
bind BO-0 to VM 1, vmHandleId = 0, range: ffff800400200000 - ffff800400681000, size: 4722688, result: -1, errno: 1(Operation not permitted)
bind BO-0 to VM 1, vmHandleId = 0, range: ffff800400200000 - ffff800400711000, size: 5312512, result: -1, errno: 1(Operation not permitted)
bind BO-0 to VM 1, vmHandleId = 0, range: ffff800400200000 - ffff800400711000, size: 5312512, result: -1, errno: 1(Operation not permitted)
bind BO-0 to VM 1, vmHandleId = 0, range: ffff800400200000 - ffff8004007a1000, size: 5902336, result: -1, errno: 1(Operation not permitted)
bind BO-0 to VM 1, vmHandleId = 0, range: ffff800400200000 - ffff8004007a1000, size: 5902336, result: -1, errno: 1(Operation not permitted)
bind BO-0 to VM 1, vmHandleId = 0, range: ffff800400200000 - ffff800400681000, size: 4722688, result: -1, errno: 1(Operation not permitted)
bind BO-0 to VM 1, vmHandleId = 0, range: ffff800400200000 - ffff800400711000, size: 5312512, result: -1, errno: 1(Operation not permitted)
bind BO-0 to VM 1, vmHandleId = 0, range: ffff800400200000 - ffff800400681000, size: 4722688, result: -1, errno: 1(Operation not permitted)
bind BO-0 to VM 1, vmHandleId = 0, range: ffff800400200000 - ffff800400681000, size: 4722688, result: -1, errno: 1(Operation not permitted)
bind BO-0 to VM 1, vmHandleId = 0, range: ffff800400200000 - ffff800400681000, size: 4722688, result: -1, errno: 1(Operation not permitted)
bind BO-0 to VM 1, vmHandleId = 0, range: ffff800400200000 - ffff800400711000, size: 5312512, result: -1, errno: 1(Operation not permitted)
bind BO-0 to VM 1, vmHandleId = 0, range: ffff800400200000 - ffff800400711000, size: 5312512, result: -1, errno: 1(Operation not permitted)
bind BO-0 to VM 1, vmHandleId = 0, range: ffff800400200000 - ffff800400831000, size: 6492160, result: -1, errno: 1(Operation not permitted)
bind BO-0 to VM 1, vmHandleId = 0, range: ffff800400200000 - ffff800400b01000, size: 9441280, result: -1, errno: 1(Operation not permitted)
bind BO-0 to VM 1, vmHandleId = 0, range: ffff800400200000 - ffff800400711000, size: 5312512, result: -1, errno: 1(Operation not permitted)
bind BO-0 to VM 1, vmHandleId = 0, range: ffff800400200000 - ffff800400e61000, size: 12980224, result: -1, errno: 1(Operation not permitted)
bind BO-0 to VM 1, vmHandleId = 0, range: ffff800400200000 - ffff800400681000, size: 4722688, result: -1, errno: 1(Operation not permitted)
bind BO-0 to VM 1, vmHandleId = 0, range: ffff800400200000 - ffff8004007a1000, size: 5902336, result: -1, errno: 1(Operation not permitted)
bind BO-0 to VM 1, vmHandleId = 0, range: ffff800400200000 - ffff800400681000, size: 4722688, result: -1, errno: 1(Operation not permitted)
bind BO-0 to VM 1, vmHandleId = 0, range: ffff800400200000 - ffff800400681000, size: 4722688, result: -1, errno: 1(Operation not permitted)
bind BO-0 to VM 1, vmHandleId = 0, range: ffff800400200000 - ffff800400681000, size: 4722688, result: -1, errno: 1(Operation not permitted)
bind BO-0 to VM 1, vmHandleId = 0, range: ffff800400200000 - ffff800400711000, size: 5312512, result: -1, errno: 1(Operation not permitted)
bind BO-0 to VM 1, vmHandleId = 0, range: ffff800400200000 - ffff800400711000, size: 5312512, result: -1, errno: 1(Operation not permitted)
bind BO-0 to VM 1, vmHandleId = 0, range: ffff800400200000 - ffff800400831000, size: 6492160, result: -1, errno: 1(Operation not permitted)
bind BO-0 to VM 1, vmHandleId = 0, range: ffff800400200000 - ffff800400b01000, size: 9441280, result: -1, errno: 1(Operation not permitted)
bind BO-0 to VM 1, vmHandleId = 0, range: ffff800400200000 - ffff800400711000, size: 5312512, result: -1, errno: 1(Operation not permitted)
bind BO-0 to VM 1, vmHandleId = 0, range: ffff800400200000 - ffff800400e61000, size: 12980224, result: -1, errno: 1(Operation not permitted)
bind BO-0 to VM 1, vmHandleId = 0, range: ffff800400200000 - ffff800400681000, size: 4722688, result: -1, errno: 1(Operation not permitted)
bind BO-0 to VM 1, vmHandleId = 0, range: ffff800400200000 - ffff8004007a1000, size: 5902336, result: -1, errno: 1(Operation not permitted)
bind BO-0 to VM 1, vmHandleId = 0, range: ffff800400200000 - ffff80040061b000, size: 4304896, result: -1, errno: 1(Operation not permitted)
bind BO-0 to VM 1, vmHandleId = 0, range: ffff800400200000 - ffff800400891000, size: 6885376, result: -1, errno: 1(Operation not permitted)
bind BO-0 to VM 1, vmHandleId = 0, range: ffff800400200000 - ffff800400891000, size: 6885376, result: -1, errno: 1(Operation not permitted)
bind BO-0 to VM 1, vmHandleId = 0, range: ffff800400200000 - ffff8004007bf000, size: 6025216, result: -1, errno: 1(Operation not permitted)
bind BO-0 to VM 1, vmHandleId = 0, range: ffff800400200000 - ffff800400891000, size: 6885376, result: -1, errno: 1(Operation not permitted)
bind BO-0 to VM 1, vmHandleId = 0, range: ffff800400200000 - ffff800400963000, size: 7745536, result: -1, errno: 1(Operation not permitted)
bind BO-0 to VM 1, vmHandleId = 0, range: ffff800400200000 - ffff800400963000, size: 7745536, result: -1, errno: 1(Operation not permitted)
bind BO-0 to VM 1, vmHandleId = 0, range: ffff800400200000 - ffff800400b07000, size: 9465856, result: -1, errno: 1(Operation not permitted)
bind BO-0 to VM 1, vmHandleId = 0, range: ffff800400200000 - ffff80040061b000, size: 4304896, result: -1, errno: 1(Operation not permitted)
bind BO-0 to VM 1, vmHandleId = 0, range: ffff800400200000 - ffff800400f21000, size: 13766656, result: -1, errno: 1(Operation not permitted)
bind BO-0 to VM 1, vmHandleId = 0, range: ffff800400200000 - ffff800400963000, size: 7745536, result: -1, errno: 1(Operation not permitted)
bind BO-0 to VM 1, vmHandleId = 0, range: ffff800400200000 - ffff80040061b000, size: 4304896, result: -1, errno: 1(Operation not permitted)
bind BO-0 to VM 1, vmHandleId = 0, range: ffff800400200000 - ffff8004006ed000, size: 5165056, result: -1, errno: 1(Operation not permitted)
bind BO-0 to VM 1, vmHandleId = 0, range: ffff800400200000 - ffff80040140d000, size: 18927616, result: -1, errno: 1(Operation not permitted)
bind BO-0 to VM 1, vmHandleId = 0, range: ffff800400200000 - ffff800400891000, size: 6885376, result: -1, errno: 1(Operation not permitted)
bind BO-0 to VM 1, vmHandleId = 0, range: ffff800400200000 - ffff800400a35000, size: 8605696, result: -1, errno: 1(Operation not permitted)
bind BO-0 to VM 1, vmHandleId = 0, range: ffff800400200000 - ffff800400681000, size: 4722688, result: -1, errno: 1(Operation not permitted)
bind BO-0 to VM 1, vmHandleId = 0, range: ffff800400200000 - ffff8004009e1000, size: 8261632, result: -1, errno: 1(Operation not permitted)
bind BO-0 to VM 1, vmHandleId = 0, range: ffff800400200000 - ffff800400831000, size: 6492160, result: -1, errno: 1(Operation not permitted)
bind BO-0 to VM 1, vmHandleId = 0, range: ffff800400200000 - ffff800400711000, size: 5312512, result: -1, errno: 1(Operation not permitted)
bind BO-0 to VM 1, vmHandleId = 0, range: ffff800400200000 - ffff8004009e1000, size: 8261632, result: -1, errno: 1(Operation not permitted)
bind BO-0 to VM 1, vmHandleId = 0, range: ffff800400200000 - ffff800400cb1000, size: 11210752, result: -1, errno: 1(Operation not permitted)
bind BO-0 to VM 1, vmHandleId = 0, range: ffff800400200000 - ffff800400681000, size: 4722688, result: -1, errno: 1(Operation not permitted)
bind BO-0 to VM 1, vmHandleId = 0, range: ffff800400200000 - ffff800400b01000, size: 9441280, result: -1, errno: 1(Operation not permitted)
bind BO-0 to VM 1, vmHandleId = 0, range: ffff800400200000 - ffff8004007a1000, size: 5902336, result: -1, errno: 1(Operation not permitted)
bind BO-0 to VM 1, vmHandleId = 0, range: ffff800400200000 - ffff800400681000, size: 4722688, result: -1, errno: 1(Operation not permitted)
bind BO-0 to VM 1, vmHandleId = 0, range: ffff800400200000 - ffff8004009e1000, size: 8261632, result: -1, errno: 1(Operation not permitted)
bind BO-0 to VM 1, vmHandleId = 0, range: ffff800400200000 - ffff800400831000, size: 6492160, result: -1, errno: 1(Operation not permitted)
bind BO-0 to VM 1, vmHandleId = 0, range: ffff800400200000 - ffff800400711000, size: 5312512, result: -1, errno: 1(Operation not permitted)
bind BO-0 to VM 1, vmHandleId = 0, range: ffff800400200000 - ffff8004009e1000, size: 8261632, result: -1, errno: 1(Operation not permitted)
bind BO-0 to VM 1, vmHandleId = 0, range: ffff800400200000 - ffff800400cb1000, size: 11210752, result: -1, errno: 1(Operation not permitted)
bind BO-0 to VM 1, vmHandleId = 0, range: ffff800400200000 - ffff800400681000, size: 4722688, result: -1, errno: 1(Operation not permitted)
bind BO-0 to VM 1, vmHandleId = 0, range: ffff800400200000 - ffff800400b01000, size: 9441280, result: -1, errno: 1(Operation not permitted)
bind BO-0 to VM 1, vmHandleId = 0, range: ffff800400200000 - ffff8004007a1000, size: 5902336, result: -1, errno: 1(Operation not permitted)
bind BO-0 to VM 1, vmHandleId = 0, range: ffff800400200000 - ffff800400681000, size: 4722688, result: -1, errno: 1(Operation not permitted)
bind BO-0 to VM 1, vmHandleId = 0, range: ffff800400200000 - ffff8004009e1000, size: 8261632, result: -1, errno: 1(Operation not permitted)
bind BO-0 to VM 1, vmHandleId = 0, range: ffff800400200000 - ffff800400831000, size: 6492160, result: -1, errno: 1(Operation not permitted)
bind BO-0 to VM 1, vmHandleId = 0, range: ffff800400200000 - ffff800400711000, size: 5312512, result: -1, errno: 1(Operation not permitted)
bind BO-0 to VM 1, vmHandleId = 0, range: ffff800400200000 - ffff8004009e1000, size: 8261632, result: -1, errno: 1(Operation not permitted)
bind BO-0 to VM 1, vmHandleId = 0, range: ffff800400200000 - ffff800400cb1000, size: 11210752, result: -1, errno: 1(Operation not permitted)
bind BO-0 to VM 1, vmHandleId = 0, range: ffff800400200000 - ffff800400681000, size: 4722688, result: -1, errno: 1(Operation not permitted)
bind BO-0 to VM 1, vmHandleId = 0, range: ffff800400200000 - ffff800400b01000, size: 9441280, result: -1, errno: 1(Operation not permitted)
bind BO-0 to VM 1, vmHandleId = 0, range: ffff800400200000 - ffff8004007a1000, size: 5902336, result: -1, errno: 1(Operation not permitted)
bind BO-0 to VM 1, vmHandleId = 0, range: ffff800400200000 - ffff800400711000, size: 5312512, result: -1, errno: 1(Operation not permitted)
bind BO-0 to VM 1, vmHandleId = 0, range: ffff800400200000 - ffff8004007a1000, size: 5902336, result: -1, errno: 1(Operation not permitted)
bind BO-0 to VM 1, vmHandleId = 0, range: ffff800400200000 - ffff800400681000, size: 4722688, result: -1, errno: 1(Operation not permitted)
bind BO-0 to VM 1, vmHandleId = 0, range: ffff800400200000 - ffff8004009e1000, size: 8261632, result: -1, errno: 1(Operation not permitted)
bind BO-0 to VM 1, vmHandleId = 0, range: ffff800400200000 - ffff800400681000, size: 4722688, result: -1, errno: 1(Operation not permitted)
bind BO-0 to VM 1, vmHandleId = 0, range: ffff800400200000 - ffff800400a71000, size: 8851456, result: -1, errno: 1(Operation not permitted)
bind BO-0 to VM 1, vmHandleId = 0, range: ffff800400200000 - ffff800400711000, size: 5312512, result: -1, errno: 1(Operation not permitted)
bind BO-0 to VM 1, vmHandleId = 0, range: ffff800400200000 - ffff8004007a1000, size: 5902336, result: -1, errno: 1(Operation not permitted)
bind BO-0 to VM 1, vmHandleId = 0, range: ffff800400200000 - ffff800400681000, size: 4722688, result: -1, errno: 1(Operation not permitted)
bind BO-0 to VM 1, vmHandleId = 0, range: ffff800400200000 - ffff8004009e1000, size: 8261632, result: -1, errno: 1(Operation not permitted)
bind BO-0 to VM 1, vmHandleId = 0, range: ffff800400200000 - ffff800400681000, size: 4722688, result: -1, errno: 1(Operation not permitted)
bind BO-0 to VM 1, vmHandleId = 0, range: ffff800400200000 - ffff800400a71000, size: 8851456, result: -1, errno: 1(Operation not permitted)
bind BO-0 to VM 1, vmHandleId = 0, range: ffff800400200000 - ffff800400711000, size: 5312512, result: -1, errno: 1(Operation not permitted)
bind BO-0 to VM 1, vmHandleId = 0, range: ffff800400200000 - ffff8004007a1000, size: 5902336, result: -1, errno: 1(Operation not permitted)
bind BO-0 to VM 1, vmHandleId = 0, range: ffff800400200000 - ffff800400681000, size: 4722688, result: -1, errno: 1(Operation not permitted)
bind BO-0 to VM 1, vmHandleId = 0, range: ffff800400200000 - ffff8004009e1000, size: 8261632, result: -1, errno: 1(Operation not permitted)
bind BO-0 to VM 1, vmHandleId = 0, range: ffff800400200000 - ffff800400681000, size: 4722688, result: -1, errno: 1(Operation not permitted)
bind BO-0 to VM 1, vmHandleId = 0, range: ffff800400200000 - ffff800400a71000, size: 8851456, result: -1, errno: 1(Operation not permitted)
bind BO-0 to VM 1, vmHandleId = 0, range: ffff800400200000 - ffff800400711000, size: 5312512, result: -1, errno: 1(Operation not permitted)
bind BO-0 to VM 1, vmHandleId = 0, range: ffff800400200000 - ffff800400681000, size: 4722688, result: -1, errno: 1(Operation not permitted)
bind BO-0 to VM 1, vmHandleId = 0, range: ffff800400200000 - ffff800400831000, size: 6492160, result: -1, errno: 1(Operation not permitted)
bind BO-0 to VM 1, vmHandleId = 0, range: ffff800400200000 - ffff800400681000, size: 4722688, result: -1, errno: 1(Operation not permitted)
bind BO-0 to VM 1, vmHandleId = 0, range: ffff800400200000 - ffff800400711000, size: 5312512, result: -1, errno: 1(Operation not permitted)
bind BO-0 to VM 1, vmHandleId = 0, range: ffff800400200000 - ffff800400681000, size: 4722688, result: -1, errno: 1(Operation not permitted)
bind BO-0 to VM 1, vmHandleId = 0, range: ffff800400200000 - ffff800400831000, size: 6492160, result: -1, errno: 1(Operation not permitted)
bind BO-0 to VM 1, vmHandleId = 0, range: ffff800400200000 - ffff800400681000, size: 4722688, result: -1, errno: 1(Operation not permitted)
bind BO-0 to VM 1, vmHandleId = 0, range: ffff800400200000 - ffff800400963000, size: 7745536, result: -1, errno: 1(Operation not permitted)
bind BO-0 to VM 1, vmHandleId = 0, range: ffff800400200000 - ffff800400891000, size: 6885376, result: -1, errno: 1(Operation not permitted)
bind BO-0 to VM 1, vmHandleId = 0, range: ffff800400200000 - ffff800400b07000, size: 9465856, result: -1, errno: 1(Operation not permitted)
bind BO-0 to VM 1, vmHandleId = 0, range: ffff800400200000 - ffff80040061b000, size: 4304896, result: -1, errno: 1(Operation not permitted)
bind BO-0 to VM 1, vmHandleId = 0, range: ffff800400200000 - ffff8004006ed000, size: 5165056, result: -1, errno: 1(Operation not permitted)
bind BO-0 to VM 1, vmHandleId = 0, range: ffff800400200000 - ffff800400891000, size: 6885376, result: -1, errno: 1(Operation not permitted)
bind BO-0 to VM 1, vmHandleId = 0, range: ffff800400200000 - ffff80040061b000, size: 4304896, result: -1, errno: 1(Operation not permitted)
bind BO-0 to VM 1, vmHandleId = 0, range: ffff800400200000 - ffff80040061b000, size: 4304896, result: -1, errno: 1(Operation not permitted)
bind BO-0 to VM 1, vmHandleId = 0, range: ffff800400200000 - ffff8004007bf000, size: 6025216, result: -1, errno: 1(Operation not permitted)
bind BO-0 to VM 1, vmHandleId = 0, range: ffff800400200000 - ffff80040061b000, size: 4304896, result: -1, errno: 1(Operation not permitted)
bind BO-0 to VM 1, vmHandleId = 0, range: ffff800400200000 - ffff80040061b000, size: 4304896, result: -1, errno: 1(Operation not permitted)
bind BO-0 to VM 1, vmHandleId = 0, range: ffff800400200000 - ffff80040061b000, size: 4304896, result: -1, errno: 1(Operation not permitted)
bind BO-0 to VM 1, vmHandleId = 0, range: ffff800400200000 - ffff80040061b000, size: 4304896, result: -1, errno: 1(Operation not permitted)
bind BO-0 to VM 1, vmHandleId = 0, range: ffff800400200000 - ffff80040061b000, size: 4304896, result: -1, errno: 1(Operation not permitted)
bind BO-0 to VM 1, vmHandleId = 0, range: ffff800400200000 - ffff80040061b000, size: 4304896, result: -1, errno: 1(Operation not permitted)
bind BO-0 to VM 1, vmHandleId = 0, range: ffff800400200000 - ffff800400951000, size: 7671808, result: -1, errno: 1(Operation not permitted)
bind BO-0 to VM 1, vmHandleId = 0, range: ffff800400200000 - ffff800400951000, size: 7671808, result: -1, errno: 1(Operation not permitted)
bind BO-0 to VM 1, vmHandleId = 0, range: ffff800400200000 - ffff800400951000, size: 7671808, result: -1, errno: 1(Operation not permitted)
bind BO-0 to VM 1, vmHandleId = 0, range: ffff800400200000 - ffff800400681000, size: 4722688, result: -1, errno: 1(Operation not permitted)
bind BO-0 to VM 1, vmHandleId = 0, range: ffff800400200000 - ffff800400951000, size: 7671808, result: -1, errno: 1(Operation not permitted)
bind BO-0 to VM 1, vmHandleId = 0, range: ffff800400200000 - ffff800400681000, size: 4722688, result: -1, errno: 1(Operation not permitted)
bind BO-0 to VM 1, vmHandleId = 0, range: ffff800400200000 - ffff800400681000, size: 4722688, result: -1, errno: 1(Operation not permitted)
bind BO-0 to VM 1, vmHandleId = 0, range: ffff800400200000 - ffff800400951000, size: 7671808, result: -1, errno: 1(Operation not permitted)
bind BO-0 to VM 1, vmHandleId = 0, range: ffff800400200000 - ffff800400681000, size: 4722688, result: -1, errno: 1(Operation not permitted)
bind BO-0 to VM 1, vmHandleId = 0, range: ffff800400200000 - ffff800400681000, size: 4722688, result: -1, errno: 1(Operation not permitted)
bind BO-0 to VM 1, vmHandleId = 0, range: ffff800400200000 - ffff800400951000, size: 7671808, result: -1, errno: 1(Operation not permitted)
bind BO-0 to VM 1, vmHandleId = 0, range: ffff800400200000 - ffff800400681000, size: 4722688, result: -1, errno: 1(Operation not permitted)
bind BO-0 to VM 1, vmHandleId = 0, range: ffff800400200000 - ffff800400711000, size: 5312512, result: -1, errno: 1(Operation not permitted)
bind BO-0 to VM 1, vmHandleId = 0, range: ffff800400200000 - ffff8004007a1000, size: 5902336, result: -1, errno: 1(Operation not permitted)
bind BO-0 to VM 1, vmHandleId = 0, range: ffff800400200000 - ffff800400711000, size: 5312512, result: -1, errno: 1(Operation not permitted)
bind BO-0 to VM 1, vmHandleId = 0, range: ffff800400200000 - ffff800400711000, size: 5312512, result: -1, errno: 1(Operation not permitted)
bind BO-0 to VM 1, vmHandleId = 0, range: ffff800400200000 - ffff8004007a1000, size: 5902336, result: -1, errno: 1(Operation not permitted)
bind BO-0 to VM 1, vmHandleId = 0, range: ffff800400200000 - ffff800400711000, size: 5312512, result: -1, errno: 1(Operation not permitted)
bind BO-0 to VM 1, vmHandleId = 0, range: ffff800400200000 - ffff800400963000, size: 7745536, result: -1, errno: 1(Operation not permitted)
bind BO-0 to VM 1, vmHandleId = 0, range: ffff800400200000 - ffff800400a35000, size: 8605696, result: -1, errno: 1(Operation not permitted)
bind BO-0 to VM 1, vmHandleId = 0, range: ffff800400200000 - ffff8004007bf000, size: 6025216, result: -1, errno: 1(Operation not permitted)
bind BO-0 to VM 1, vmHandleId = 0, range: ffff800400200000 - ffff80040061b000, size: 4304896, result: -1, errno: 1(Operation not permitted)
bind BO-0 to VM 1, vmHandleId = 0, range: ffff800400200000 - ffff800400963000, size: 7745536, result: -1, errno: 1(Operation not permitted)
bind BO-0 to VM 1, vmHandleId = 0, range: ffff800400200000 - ffff80040061b000, size: 4304896, result: -1, errno: 1(Operation not permitted)
bind BO-0 to VM 1, vmHandleId = 0, range: ffff800400200000 - ffff80040061b000, size: 4304896, result: -1, errno: 1(Operation not permitted)
bind BO-0 to VM 1, vmHandleId = 0, range: ffff800400200000 - ffff80040061b000, size: 4304896, result: -1, errno: 1(Operation not permitted)
bind BO-0 to VM 1, vmHandleId = 0, range: ffff800400200000 - ffff800400681000, size: 4722688, result: -1, errno: 1(Operation not permitted)
bind BO-0 to VM 1, vmHandleId = 0, range: ffff800400200000 - ffff800400951000, size: 7671808, result: -1, errno: 1(Operation not permitted)
bind BO-0 to VM 1, vmHandleId = 0, range: ffff800400200000 - ffff8004007a1000, size: 5902336, result: -1, errno: 1(Operation not permitted)
bind BO-0 to VM 1, vmHandleId = 0, range: ffff800400200000 - ffff800400681000, size: 4722688, result: -1, errno: 1(Operation not permitted)
bind BO-0 to VM 1, vmHandleId = 0, range: ffff800400200000 - ffff800400951000, size: 7671808, result: -1, errno: 1(Operation not permitted)
bind BO-0 to VM 1, vmHandleId = 0, range: ffff800400200000 - ffff8004007a1000, size: 5902336, result: -1, errno: 1(Operation not permitted)
bind BO-0 to VM 1, vmHandleId = 0, range: ffff800400200000 - ffff800400681000, size: 4722688, result: -1, errno: 1(Operation not permitted)
bind BO-0 to VM 1, vmHandleId = 0, range: ffff800400200000 - ffff800400951000, size: 7671808, result: -1, errno: 1(Operation not permitted)
bind BO-0 to VM 1, vmHandleId = 0, range: ffff800400200000 - ffff8004007a1000, size: 5902336, result: -1, errno: 1(Operation not permitted)
bind BO-0 to VM 1, vmHandleId = 0, range: ffff800400200000 - ffff8004008c1000, size: 7081984, result: -1, errno: 1(Operation not permitted)
bind BO-0 to VM 1, vmHandleId = 0, range: ffff800400200000 - ffff800400681000, size: 4722688, result: -1, errno: 1(Operation not permitted)
bind BO-0 to VM 1, vmHandleId = 0, range: ffff800400200000 - ffff800400681000, size: 4722688, result: -1, errno: 1(Operation not permitted)
bind BO-0 to VM 1, vmHandleId = 0, range: ffff800400200000 - ffff8004008c1000, size: 7081984, result: -1, errno: 1(Operation not permitted)
bind BO-0 to VM 1, vmHandleId = 0, range: ffff800400200000 - ffff800400681000, size: 4722688, result: -1, errno: 1(Operation not permitted)
bind BO-0 to VM 1, vmHandleId = 0, range: ffff800400200000 - ffff800400681000, size: 4722688, result: -1, errno: 1(Operation not permitted)
bind BO-0 to VM 1, vmHandleId = 0, range: ffff800400200000 - ffff8004008c1000, size: 7081984, result: -1, errno: 1(Operation not permitted)
bind BO-0 to VM 1, vmHandleId = 0, range: ffff800400200000 - ffff800400681000, size: 4722688, result: -1, errno: 1(Operation not permitted)
bind BO-0 to VM 1, vmHandleId = 0, range: ffff800400200000 - ffff800400681000, size: 4722688, result: -1, errno: 1(Operation not permitted)
bind BO-0 to VM 1, vmHandleId = 0, range: ffff800400200000 - ffff8004007bf000, size: 6025216, result: -1, errno: 1(Operation not permitted)
bind BO-0 to VM 1, vmHandleId = 0, range: ffff800400200000 - ffff8004006ed000, size: 5165056, result: -1, errno: 1(Operation not permitted)
bind BO-0 to VM 1, vmHandleId = 0, range: ffff800400200000 - ffff80040061b000, size: 4304896, result: -1, errno: 1(Operation not permitted)
bind BO-0 to VM 1, vmHandleId = 0, range: ffff800400200000 - ffff8004006ed000, size: 5165056, result: -1, errno: 1(Operation not permitted)
bind BO-0 to VM 1, vmHandleId = 0, range: ffff800400200000 - ffff800400682000, size: 4726784, result: -1, errno: 1(Operation not permitted)
bind BO-0 to VM 1, vmHandleId = 0, range: ffff800400200000 - ffff800400712000, size: 5316608, result: -1, errno: 1(Operation not permitted)
bind BO-0 to VM 1, vmHandleId = 0, range: ffff800400200000 - ffff800400682000, size: 4726784, result: -1, errno: 1(Operation not permitted)
bind BO-0 to VM 1, vmHandleId = 0, range: ffff800400200000 - ffff8004007a2000, size: 5906432, result: -1, errno: 1(Operation not permitted)
bind BO-0 to VM 1, vmHandleId = 0, range: ffff800400200000 - ffff800400682000, size: 4726784, result: -1, errno: 1(Operation not permitted)
bind BO-0 to VM 1, vmHandleId = 0, range: ffff800400200000 - ffff800400712000, size: 5316608, result: -1, errno: 1(Operation not permitted)
bind BO-0 to VM 1, vmHandleId = 0, range: ffff800400200000 - ffff800400682000, size: 4726784, result: -1, errno: 1(Operation not permitted)
bind BO-0 to VM 1, vmHandleId = 0, range: ffff800400200000 - ffff8004007a2000, size: 5906432, result: -1, errno: 1(Operation not permitted)
bind BO-0 to VM 1, vmHandleId = 0, range: ffff800400200000 - ffff800400682000, size: 4726784, result: -1, errno: 1(Operation not permitted)
bind BO-0 to VM 1, vmHandleId = 0, range: ffff800400200000 - ffff800400712000, size: 5316608, result: -1, errno: 1(Operation not permitted)
bind BO-0 to VM 1, vmHandleId = 0, range: ffff800400200000 - ffff800400682000, size: 4726784, result: -1, errno: 1(Operation not permitted)
bind BO-0 to VM 1, vmHandleId = 0, range: ffff800400200000 - ffff8004007a2000, size: 5906432, result: -1, errno: 1(Operation not permitted)
bind BO-0 to VM 1, vmHandleId = 0, range: ffff800400200000 - ffff800400681000, size: 4722688, result: -1, errno: 1(Operation not permitted)
bind BO-0 to VM 1, vmHandleId = 0, range: ffff800400200000 - ffff800400681000, size: 4722688, result: -1, errno: 1(Operation not permitted)
bind BO-0 to VM 1, vmHandleId = 0, range: ffff800400200000 - ffff800400711000, size: 5312512, result: -1, errno: 1(Operation not permitted)
bind BO-0 to VM 1, vmHandleId = 0, range: ffff800400200000 - ffff800400681000, size: 4722688, result: -1, errno: 1(Operation not permitted)
bind BO-0 to VM 1, vmHandleId = 0, range: ffff800400200000 - ffff800400681000, size: 4722688, result: -1, errno: 1(Operation not permitted)
bind BO-0 to VM 1, vmHandleId = 0, range: ffff800400200000 - ffff800400711000, size: 5312512, result: -1, errno: 1(Operation not permitted)
bind BO-0 to VM 1, vmHandleId = 0, range: ffff800400200000 - ffff800400891000, size: 6885376, result: -1, errno: 1(Operation not permitted)
bind BO-0 to VM 1, vmHandleId = 0, range: ffff800400200000 - ffff800400891000, size: 6885376, result: -1, errno: 1(Operation not permitted)
bind BO-0 to VM 1, vmHandleId = 0, range: ffff800400200000 - ffff80040061b000, size: 4304896, result: -1, errno: 1(Operation not permitted)
bind BO-0 to VM 1, vmHandleId = 0, range: ffff800400200000 - ffff80040061b000, size: 4304896, result: -1, errno: 1(Operation not permitted)
bind BO-0 to VM 1, vmHandleId = 0, range: ffff800400200000 - ffff800400963000, size: 7745536, result: -1, errno: 1(Operation not permitted)
bind BO-0 to VM 1, vmHandleId = 0, range: ffff800400200000 - ffff80040061b000, size: 4304896, result: -1, errno: 1(Operation not permitted)
bind BO-0 to VM 1, vmHandleId = 0, range: ffff800400200000 - ffff80040061b000, size: 4304896, result: -1, errno: 1(Operation not permitted)
bind BO-0 to VM 1, vmHandleId = 0, range: ffff800400200000 - ffff8004007bf000, size: 6025216, result: -1, errno: 1(Operation not permitted)
bind BO-0 to VM 1, vmHandleId = 0, range: ffff800400200000 - ffff800400951000, size: 7671808, result: -1, errno: 1(Operation not permitted)
bind BO-0 to VM 1, vmHandleId = 0, range: ffff800400200000 - ffff800400681000, size: 4722688, result: -1, errno: 1(Operation not permitted)
bind BO-0 to VM 1, vmHandleId = 0, range: ffff800400200000 - ffff800400951000, size: 7671808, result: -1, errno: 1(Operation not permitted)
bind BO-0 to VM 1, vmHandleId = 0, range: ffff800400200000 - ffff800400681000, size: 4722688, result: -1, errno: 1(Operation not permitted)
bind BO-0 to VM 1, vmHandleId = 0, range: ffff800400200000 - ffff800400681000, size: 4722688, result: -1, errno: 1(Operation not permitted)
bind BO-0 to VM 1, vmHandleId = 0, range: ffff800400200000 - ffff800400711000, size: 5312512, result: -1, errno: 1(Operation not permitted)
bind BO-0 to VM 1, vmHandleId = 0, range: ffff800400200000 - ffff800400681000, size: 4722688, result: -1, errno: 1(Operation not permitted)
bind BO-0 to VM 1, vmHandleId = 0, range: ffff800400200000 - ffff800400711000, size: 5312512, result: -1, errno: 1(Operation not permitted)
bind BO-0 to VM 1, vmHandleId = 0, range: ffff800400200000 - ffff800400711000, size: 5312512, result: -1, errno: 1(Operation not permitted)
bind BO-0 to VM 1, vmHandleId = 0, range: ffff800400200000 - ffff800400681000, size: 4722688, result: -1, errno: 1(Operation not permitted)
bind BO-0 to VM 1, vmHandleId = 0, range: ffff800400200000 - ffff800400681000, size: 4722688, result: -1, errno: 1(Operation not permitted)
bind BO-0 to VM 1, vmHandleId = 0, range: ffff800400200000 - ffff800400951000, size: 7671808, result: -1, errno: 1(Operation not permitted)
bind BO-0 to VM 1, vmHandleId = 0, range: ffff800400200000 - ffff800400681000, size: 4722688, result: -1, errno: 1(Operation not permitted)
bind BO-0 to VM 1, vmHandleId = 0, range: ffff800400200000 - ffff800400681000, size: 4722688, result: -1, errno: 1(Operation not permitted)
bind BO-0 to VM 1, vmHandleId = 0, range: ffff800400200000 - ffff800400951000, size: 7671808, result: -1, errno: 1(Operation not permitted)
bind BO-0 to VM 1, vmHandleId = 0, range: ffff800400200000 - ffff800400681000, size: 4722688, result: -1, errno: 1(Operation not permitted)
bind BO-0 to VM 1, vmHandleId = 0, range: ffff800400200000 - ffff800400951000, size: 7671808, result: -1, errno: 1(Operation not permitted)
bind BO-0 to VM 1, vmHandleId = 0, range: ffff800400200000 - ffff800400681000, size: 4722688, result: -1, errno: 1(Operation not permitted)
bind BO-0 to VM 1, vmHandleId = 0, range: ffff800400200000 - ffff800400681000, size: 4722688, result: -1, errno: 1(Operation not permitted)
bind BO-0 to VM 1, vmHandleId = 0, range: ffff800400200000 - ffff800400711000, size: 5312512, result: -1, errno: 1(Operation not permitted)
bind BO-0 to VM 1, vmHandleId = 0, range: ffff800400200000 - ffff800400681000, size: 4722688, result: -1, errno: 1(Operation not permitted)
bind BO-0 to VM 1, vmHandleId = 0, range: ffff800400200000 - ffff800400711000, size: 5312512, result: -1, errno: 1(Operation not permitted)
bind BO-0 to VM 1, vmHandleId = 0, range: ffff800400200000 - ffff800400711000, size: 5312512, result: -1, errno: 1(Operation not permitted)
bind BO-0 to VM 1, vmHandleId = 0, range: ffff800400200000 - ffff800400681000, size: 4722688, result: -1, errno: 1(Operation not permitted)
bind BO-0 to VM 1, vmHandleId = 0, range: ffff800400200000 - ffff800400681000, size: 4722688, result: -1, errno: 1(Operation not permitted)
bind BO-0 to VM 1, vmHandleId = 0, range: ffff800400200000 - ffff800400951000, size: 7671808, result: -1, errno: 1(Operation not permitted)
bind BO-0 to VM 1, vmHandleId = 0, range: ffff800400200000 - ffff800400681000, size: 4722688, result: -1, errno: 1(Operation not permitted)
bind BO-0 to VM 1, vmHandleId = 0, range: ffff800400200000 - ffff800400681000, size: 4722688, result: -1, errno: 1(Operation not permitted)
bind BO-0 to VM 1, vmHandleId = 0, range: ffff800400200000 - ffff800400951000, size: 7671808, result: -1, errno: 1(Operation not permitted)
bind BO-0 to VM 1, vmHandleId = 0, range: ffff800400200000 - ffff800400681000, size: 4722688, result: -1, errno: 1(Operation not permitted)
bind BO-0 to VM 1, vmHandleId = 0, range: ffff800400200000 - ffff800400951000, size: 7671808, result: -1, errno: 1(Operation not permitted)
bind BO-0 to VM 1, vmHandleId = 0, range: ffff800400200000 - ffff800400681000, size: 4722688, result: -1, errno: 1(Operation not permitted)
bind BO-0 to VM 1, vmHandleId = 0, range: ffff800400200000 - ffff800400681000, size: 4722688, result: -1, errno: 1(Operation not permitted)
bind BO-0 to VM 1, vmHandleId = 0, range: ffff800400200000 - ffff800400711000, size: 5312512, result: -1, errno: 1(Operation not permitted)
bind BO-0 to VM 1, vmHandleId = 0, range: ffff800400200000 - ffff800400681000, size: 4722688, result: -1, errno: 1(Operation not permitted)
bind BO-0 to VM 1, vmHandleId = 0, range: ffff800400200000 - ffff800400711000, size: 5312512, result: -1, errno: 1(Operation not permitted)
bind BO-0 to VM 1, vmHandleId = 0, range: ffff800400200000 - ffff800400711000, size: 5312512, result: -1, errno: 1(Operation not permitted)
bind BO-0 to VM 1, vmHandleId = 0, range: ffff800400200000 - ffff800400681000, size: 4722688, result: -1, errno: 1(Operation not permitted)
bind BO-0 to VM 1, vmHandleId = 0, range: ffff800400200000 - ffff800400681000, size: 4722688, result: -1, errno: 1(Operation not permitted)
bind BO-0 to VM 1, vmHandleId = 0, range: ffff800400200000 - ffff800400951000, size: 7671808, result: -1, errno: 1(Operation not permitted)
bind BO-0 to VM 1, vmHandleId = 0, range: ffff800400200000 - ffff800400681000, size: 4722688, result: -1, errno: 1(Operation not permitted)
bind BO-0 to VM 1, vmHandleId = 0, range: ffff800400200000 - ffff800400681000, size: 4722688, result: -1, errno: 1(Operation not permitted)
bind BO-0 to VM 1, vmHandleId = 0, range: ffff800400200000 - ffff800400681000, size: 4722688, result: -1, errno: 1(Operation not permitted)
bind BO-0 to VM 1, vmHandleId = 0, range: ffff800400200000 - ffff800400681000, size: 4722688, result: -1, errno: 1(Operation not permitted)
bind BO-0 to VM 1, vmHandleId = 0, range: ffff800400200000 - ffff800400951000, size: 7671808, result: -1, errno: 1(Operation not permitted)
bind BO-0 to VM 1, vmHandleId = 0, range: ffff800400200000 - ffff800400711000, size: 5312512, result: -1, errno: 1(Operation not permitted)
bind BO-0 to VM 1, vmHandleId = 0, range: ffff800400200000 - ffff8004007a1000, size: 5902336, result: -1, errno: 1(Operation not permitted)
bind BO-0 to VM 1, vmHandleId = 0, range: ffff800400200000 - ffff800400681000, size: 4722688, result: -1, errno: 1(Operation not permitted)
bind BO-0 to VM 1, vmHandleId = 0, range: ffff800400200000 - ffff800400711000, size: 5312512, result: -1, errno: 1(Operation not permitted)
bind BO-0 to VM 1, vmHandleId = 0, range: ffff800400200000 - ffff800400711000, size: 5312512, result: -1, errno: 1(Operation not permitted)
bind BO-0 to VM 1, vmHandleId = 0, range: ffff800400200000 - ffff800400b01000, size: 9441280, result: -1, errno: 1(Operation not permitted)
bind BO-0 to VM 1, vmHandleId = 0, range: ffff800400200000 - ffff800400681000, size: 4722688, result: -1, errno: 1(Operation not permitted)
bind BO-0 to VM 1, vmHandleId = 0, range: ffff800400200000 - ffff800400681000, size: 4722688, result: -1, errno: 1(Operation not permitted)
bind BO-0 to VM 1, vmHandleId = 0, range: ffff800400200000 - ffff800400951000, size: 7671808, result: -1, errno: 1(Operation not permitted)
bind BO-0 to VM 1, vmHandleId = 0, range: ffff800400200000 - ffff800400711000, size: 5312512, result: -1, errno: 1(Operation not permitted)
bind BO-0 to VM 1, vmHandleId = 0, range: ffff800400200000 - ffff8004007a1000, size: 5902336, result: -1, errno: 1(Operation not permitted)
bind BO-0 to VM 1, vmHandleId = 0, range: ffff800400200000 - ffff800400681000, size: 4722688, result: -1, errno: 1(Operation not permitted)
bind BO-0 to VM 1, vmHandleId = 0, range: ffff800400200000 - ffff800400711000, size: 5312512, result: -1, errno: 1(Operation not permitted)
bind BO-0 to VM 1, vmHandleId = 0, range: ffff800400200000 - ffff800400711000, size: 5312512, result: -1, errno: 1(Operation not permitted)
bind BO-0 to VM 1, vmHandleId = 0, range: ffff800400200000 - ffff800400b01000, size: 9441280, result: -1, errno: 1(Operation not permitted)
bind BO-0 to VM 1, vmHandleId = 0, range: ffff800400200000 - ffff800400681000, size: 4722688, result: -1, errno: 1(Operation not permitted)
bind BO-0 to VM 1, vmHandleId = 0, range: ffff800400200000 - ffff800400681000, size: 4722688, result: -1, errno: 1(Operation not permitted)
bind BO-0 to VM 1, vmHandleId = 0, range: ffff800400200000 - ffff800400951000, size: 7671808, result: -1, errno: 1(Operation not permitted)
bind BO-0 to VM 1, vmHandleId = 0, range: ffff800400200000 - ffff800400711000, size: 5312512, result: -1, errno: 1(Operation not permitted)
bind BO-0 to VM 1, vmHandleId = 0, range: ffff800400200000 - ffff8004007a1000, size: 5902336, result: -1, errno: 1(Operation not permitted)
bind BO-0 to VM 1, vmHandleId = 0, range: ffff800400200000 - ffff800400681000, size: 4722688, result: -1, errno: 1(Operation not permitted)
bind BO-0 to VM 1, vmHandleId = 0, range: ffff800400200000 - ffff800400711000, size: 5312512, result: -1, errno: 1(Operation not permitted)
bind BO-0 to VM 1, vmHandleId = 0, range: ffff800400200000 - ffff800400711000, size: 5312512, result: -1, errno: 1(Operation not permitted)
bind BO-0 to VM 1, vmHandleId = 0, range: ffff800400200000 - ffff800400b01000, size: 9441280, result: -1, errno: 1(Operation not permitted)
bind BO-0 to VM 1, vmHandleId = 0, range: ffff800400200000 - ffff800400681000, size: 4722688, result: -1, errno: 1(Operation not permitted)
bind BO-0 to VM 1, vmHandleId = 0, range: ffff800400200000 - ffff8004009e1000, size: 8261632, result: -1, errno: 1(Operation not permitted)
bind BO-0 to VM 1, vmHandleId = 0, range: ffff800400200000 - ffff800400711000, size: 5312512, result: -1, errno: 1(Operation not permitted)
bind BO-0 to VM 1, vmHandleId = 0, range: ffff800400200000 - ffff800400681000, size: 4722688, result: -1, errno: 1(Operation not permitted)
bind BO-0 to VM 1, vmHandleId = 0, range: ffff800400200000 - ffff800400681000, size: 4722688, result: -1, errno: 1(Operation not permitted)
bind BO-0 to VM 1, vmHandleId = 0, range: ffff800400200000 - ffff8004009e1000, size: 8261632, result: -1, errno: 1(Operation not permitted)
bind BO-0 to VM 1, vmHandleId = 0, range: ffff800400200000 - ffff800400711000, size: 5312512, result: -1, errno: 1(Operation not permitted)
bind BO-0 to VM 1, vmHandleId = 0, range: ffff800400200000 - ffff800400681000, size: 4722688, result: -1, errno: 1(Operation not permitted)
bind BO-0 to VM 1, vmHandleId = 0, range: ffff800400200000 - ffff800400891000, size: 6885376, result: -1, errno: 1(Operation not permitted)
bind BO-0 to VM 1, vmHandleId = 0, range: ffff800400200000 - ffff80040061b000, size: 4304896, result: -1, errno: 1(Operation not permitted)
bind BO-0 to VM 1, vmHandleId = 0, range: ffff800400200000 - ffff80040061b000, size: 4304896, result: -1, errno: 1(Operation not permitted)
bind BO-0 to VM 1, vmHandleId = 0, range: ffff800400200000 - ffff8004007bf000, size: 6025216, result: -1, errno: 1(Operation not permitted)
bind BO-0 to VM 1, vmHandleId = 0, range: ffff800400200000 - ffff8004006ed000, size: 5165056, result: -1, errno: 1(Operation not permitted)
bind BO-0 to VM 1, vmHandleId = 0, range: ffff800400200000 - ffff80040061b000, size: 4304896, result: -1, errno: 1(Operation not permitted)
bind BO-0 to VM 1, vmHandleId = 0, range: ffff800400200000 - ffff800400d7d000, size: 12046336, result: -1, errno: 1(Operation not permitted)
bind BO-0 to VM 1, vmHandleId = 0, range: ffff800400200000 - ffff800400963000, size: 7745536, result: -1, errno: 1(Operation not permitted)
bind BO-0 to VM 1, vmHandleId = 0, range: ffff800400200000 - ffff80040061b000, size: 4304896, result: -1, errno: 1(Operation not permitted)
bind BO-0 to VM 1, vmHandleId = 0, range: ffff800400200000 - ffff80040061b000, size: 4304896, result: -1, errno: 1(Operation not permitted)
bind BO-0 to VM 1, vmHandleId = 0, range: ffff800400200000 - ffff80040061b000, size: 4304896, result: -1, errno: 1(Operation not permitted)
bind BO-0 to VM 1, vmHandleId = 0, range: ffff800400200000 - ffff800400891000, size: 6885376, result: -1, errno: 1(Operation not permitted)
bind BO-0 to VM 1, vmHandleId = 0, range: ffff800400200000 - ffff800400711000, size: 5312512, result: -1, errno: 1(Operation not permitted)
bind BO-0 to VM 1, vmHandleId = 0, range: ffff800400200000 - ffff800400711000, size: 5312512, result: -1, errno: 1(Operation not permitted)
bind BO-0 to VM 1, vmHandleId = 0, range: ffff800400200000 - ffff800400711000, size: 5312512, result: -1, errno: 1(Operation not permitted)
bind BO-0 to VM 1, vmHandleId = 0, range: ffff800400200000 - ffff800400951000, size: 7671808, result: -1, errno: 1(Operation not permitted)
bind BO-0 to VM 1, vmHandleId = 0, range: ffff800400200000 - ffff8004007a1000, size: 5902336, result: -1, errno: 1(Operation not permitted)
bind BO-0 to VM 1, vmHandleId = 0, range: ffff800400200000 - ffff800400951000, size: 7671808, result: -1, errno: 1(Operation not permitted)
bind BO-0 to VM 1, vmHandleId = 0, range: ffff800400200000 - ffff8004007a1000, size: 5902336, result: -1, errno: 1(Operation not permitted)
bind BO-0 to VM 1, vmHandleId = 0, range: ffff800400200000 - ffff800400cab000, size: 11186176, result: -1, errno: 1(Operation not permitted)
bind BO-0 to VM 1, vmHandleId = 0, range: ffff800400200000 - ffff80040061b000, size: 4304896, result: -1, errno: 1(Operation not permitted)
bind BO-0 to VM 1, vmHandleId = 0, range: ffff800400200000 - ffff8004006ed000, size: 5165056, result: -1, errno: 1(Operation not permitted)
bind BO-0 to VM 1, vmHandleId = 0, range: ffff800400200000 - ffff8004006ed000, size: 5165056, result: -1, errno: 1(Operation not permitted)
bind BO-0 to VM 1, vmHandleId = 0, range: ffff800400200000 - ffff8004006ed000, size: 5165056, result: -1, errno: 1(Operation not permitted)
bind BO-0 to VM 1, vmHandleId = 0, range: ffff800400200000 - ffff800400a35000, size: 8605696, result: -1, errno: 1(Operation not permitted)
bind BO-0 to VM 1, vmHandleId = 0, range: ffff800400200000 - ffff80040061b000, size: 4304896, result: -1, errno: 1(Operation not permitted)
bind BO-0 to VM 1, vmHandleId = 0, range: ffff800400200000 - ffff80040061b000, size: 4304896, result: -1, errno: 1(Operation not permitted)
bind BO-0 to VM 1, vmHandleId = 0, range: ffff800400200000 - ffff8004007a1000, size: 5902336, result: -1, errno: 1(Operation not permitted)
bind BO-0 to VM 1, vmHandleId = 0, range: ffff800400200000 - ffff800400681000, size: 4722688, result: -1, errno: 1(Operation not permitted)
bind BO-0 to VM 1, vmHandleId = 0, range: ffff800400200000 - ffff800400951000, size: 7671808, result: -1, errno: 1(Operation not permitted)
bind BO-0 to VM 1, vmHandleId = 0, range: ffff800400200000 - ffff8004007a1000, size: 5902336, result: -1, errno: 1(Operation not permitted)
bind BO-0 to VM 1, vmHandleId = 0, range: ffff800400200000 - ffff800400681000, size: 4722688, result: -1, errno: 1(Operation not permitted)
bind BO-0 to VM 1, vmHandleId = 0, range: ffff800400200000 - ffff800400951000, size: 7671808, result: -1, errno: 1(Operation not permitted)
bind BO-0 to VM 1, vmHandleId = 0, range: ffff800400200000 - ffff8004007a1000, size: 5902336, result: -1, errno: 1(Operation not permitted)
bind BO-0 to VM 1, vmHandleId = 0, range: ffff800400200000 - ffff800400681000, size: 4722688, result: -1, errno: 1(Operation not permitted)
bind BO-0 to VM 1, vmHandleId = 0, range: ffff800400200000 - ffff800400951000, size: 7671808, result: -1, errno: 1(Operation not permitted)
bind BO-0 to VM 1, vmHandleId = 0, range: ffff800400200000 - ffff800400681000, size: 4722688, result: -1, errno: 1(Operation not permitted)
bind BO-0 to VM 1, vmHandleId = 0, range: ffff800400200000 - ffff8004007a1000, size: 5902336, result: -1, errno: 1(Operation not permitted)
bind BO-0 to VM 1, vmHandleId = 0, range: ffff800400200000 - ffff800400681000, size: 4722688, result: -1, errno: 1(Operation not permitted)
bind BO-0 to VM 1, vmHandleId = 0, range: ffff800400200000 - ffff8004007a1000, size: 5902336, result: -1, errno: 1(Operation not permitted)
bind BO-0 to VM 1, vmHandleId = 0, range: ffff800400200000 - ffff8004006ed000, size: 5165056, result: -1, errno: 1(Operation not permitted)
bind BO-0 to VM 1, vmHandleId = 0, range: ffff800400200000 - ffff800400891000, size: 6885376, result: -1, errno: 1(Operation not permitted)
bind BO-0 to VM 1, vmHandleId = 0, range: ffff800400200000 - ffff800400a35000, size: 8605696, result: -1, errno: 1(Operation not permitted)
bind BO-0 to VM 1, vmHandleId = 0, range: ffff800400200000 - ffff800400952000, size: 7675904, result: -1, errno: 1(Operation not permitted)
bind BO-0 to VM 1, vmHandleId = 0, range: ffff800400200000 - ffff800400952000, size: 7675904, result: -1, errno: 1(Operation not permitted)
bind BO-0 to VM 1, vmHandleId = 0, range: ffff800400200000 - ffff800400952000, size: 7675904, result: -1, errno: 1(Operation not permitted)
bind BO-0 to VM 1, vmHandleId = 0, range: ffff800400200000 - ffff800400681000, size: 4722688, result: -1, errno: 1(Operation not permitted)
bind BO-0 to VM 1, vmHandleId = 0, range: ffff800400200000 - ffff800400681000, size: 4722688, result: -1, errno: 1(Operation not permitted)
bind BO-0 to VM 1, vmHandleId = 0, range: ffff800400200000 - ffff800400891000, size: 6885376, result: -1, errno: 1(Operation not permitted)
bind BO-0 to VM 1, vmHandleId = 0, range: ffff800400200000 - ffff8004007bf000, size: 6025216, result: -1, errno: 1(Operation not permitted)
bind BO-0 to VM 1, vmHandleId = 0, range: ffff800400200000 - ffff8004006ed000, size: 5165056, result: -1, errno: 1(Operation not permitted)
bind BO-0 to VM 1, vmHandleId = 0, range: ffff800400200000 - ffff8004006ed000, size: 5165056, result: -1, errno: 1(Operation not permitted)
bind BO-0 to VM 1, vmHandleId = 0, range: ffff800400200000 - ffff8004006ed000, size: 5165056, result: -1, errno: 1(Operation not permitted)
bind BO-0 to VM 1, vmHandleId = 0, range: ffff800400200000 - ffff8004007bf000, size: 6025216, result: -1, errno: 1(Operation not permitted)
bind BO-0 to VM 1, vmHandleId = 0, range: ffff800400200000 - ffff80040061b000, size: 4304896, result: -1, errno: 1(Operation not permitted)
bind BO-0 to VM 1, vmHandleId = 0, range: ffff800400200000 - ffff800400831000, size: 6492160, result: -1, errno: 1(Operation not permitted)
bind BO-0 to VM 1, vmHandleId = 0, range: ffff800400200000 - ffff800400831000, size: 6492160, result: -1, errno: 1(Operation not permitted)
bind BO-0 to VM 1, vmHandleId = 0, range: ffff800400200000 - ffff800400831000, size: 6492160, result: -1, errno: 1(Operation not permitted)
bind BO-0 to VM 1, vmHandleId = 0, range: ffff800400200000 - ffff800400951000, size: 7671808, result: -1, errno: 1(Operation not permitted)
bind BO-0 to VM 1, vmHandleId = 0, range: ffff800400200000 - ffff800400681000, size: 4722688, result: -1, errno: 1(Operation not permitted)
bind BO-0 to VM 1, vmHandleId = 0, range: ffff800400200000 - ffff800400680000, size: 4718592, result: -1, errno: 1(Operation not permitted)
bind BO-0 to VM 1, vmHandleId = 0, range: ffff800400200000 - ffff800400951000, size: 7671808, result: -1, errno: 1(Operation not permitted)
bind BO-0 to VM 1, vmHandleId = 0, range: ffff800400200000 - ffff800400681000, size: 4722688, result: -1, errno: 1(Operation not permitted)
bind BO-0 to VM 1, vmHandleId = 0, range: ffff800400200000 - ffff800400680000, size: 4718592, result: -1, errno: 1(Operation not permitted)
bind BO-0 to VM 1, vmHandleId = 0, range: ffff800400200000 - ffff800400951000, size: 7671808, result: -1, errno: 1(Operation not permitted)
bind BO-0 to VM 1, vmHandleId = 0, range: ffff800400200000 - ffff800400681000, size: 4722688, result: -1, errno: 1(Operation not permitted)
bind BO-0 to VM 1, vmHandleId = 0, range: ffff800400200000 - ffff800400680000, size: 4718592, result: -1, errno: 1(Operation not permitted)
bind BO-0 to VM 1, vmHandleId = 0, range: ffff800400200000 - ffff800400681000, size: 4722688, result: -1, errno: 1(Operation not permitted)
bind BO-0 to VM 1, vmHandleId = 0, range: ffff800400200000 - ffff800400711000, size: 5312512, result: -1, errno: 1(Operation not permitted)
bind BO-0 to VM 1, vmHandleId = 0, range: ffff800400200000 - ffff800400711000, size: 5312512, result: -1, errno: 1(Operation not permitted)
bind BO-0 to VM 1, vmHandleId = 0, range: ffff800400200000 - ffff800400681000, size: 4722688, result: -1, errno: 1(Operation not permitted)
bind BO-0 to VM 1, vmHandleId = 0, range: ffff800400200000 - ffff800400711000, size: 5312512, result: -1, errno: 1(Operation not permitted)
bind BO-0 to VM 1, vmHandleId = 0, range: ffff800400200000 - ffff800400711000, size: 5312512, result: -1, errno: 1(Operation not permitted)
bind BO-0 to VM 1, vmHandleId = 0, range: ffff800400200000 - ffff8004006ed000, size: 5165056, result: -1, errno: 1(Operation not permitted)
bind BO-0 to VM 1, vmHandleId = 0, range: ffff800400200000 - ffff80040061b000, size: 4304896, result: -1, errno: 1(Operation not permitted)
bind BO-0 to VM 1, vmHandleId = 0, range: ffff800400200000 - ffff800400891000, size: 6885376, result: -1, errno: 1(Operation not permitted)
bind BO-0 to VM 1, vmHandleId = 0, range: ffff800400200000 - ffff8004006ed000, size: 5165056, result: -1, errno: 1(Operation not permitted)
bind BO-0 to VM 1, vmHandleId = 0, range: ffff800400200000 - ffff80040061b000, size: 4304896, result: -1, errno: 1(Operation not permitted)
bind BO-0 to VM 1, vmHandleId = 0, range: ffff800400200000 - ffff800400963000, size: 7745536, result: -1, errno: 1(Operation not permitted)
bind BO-0 to VM 1, vmHandleId = 0, range: ffff800400200000 - ffff8004006ed000, size: 5165056, result: -1, errno: 1(Operation not permitted)
bind BO-0 to VM 1, vmHandleId = 0, range: ffff800400200000 - ffff800400963000, size: 7745536, result: -1, errno: 1(Operation not permitted)
bind BO-0 to VM 1, vmHandleId = 0, range: ffff800400200000 - ffff8004006ed000, size: 5165056, result: -1, errno: 1(Operation not permitted)
bind BO-0 to VM 1, vmHandleId = 0, range: ffff800400200000 - ffff8004006ed000, size: 5165056, result: -1, errno: 1(Operation not permitted)
bind BO-0 to VM 1, vmHandleId = 0, range: ffff800400200000 - ffff8004007bf000, size: 6025216, result: -1, errno: 1(Operation not permitted)
bind BO-0 to VM 1, vmHandleId = 0, range: ffff800400200000 - ffff8004009e1000, size: 8261632, result: -1, errno: 1(Operation not permitted)
bind BO-0 to VM 1, vmHandleId = 0, range: ffff800400200000 - ffff800400951000, size: 7671808, result: -1, errno: 1(Operation not permitted)
bind BO-0 to VM 1, vmHandleId = 0, range: ffff800400200000 - ffff8004007a1000, size: 5902336, result: -1, errno: 1(Operation not permitted)
bind BO-0 to VM 1, vmHandleId = 0, range: ffff800400200000 - ffff8004007a1000, size: 5902336, result: -1, errno: 1(Operation not permitted)
bind BO-0 to VM 1, vmHandleId = 0, range: ffff800400200000 - ffff8004008c1000, size: 7081984, result: -1, errno: 1(Operation not permitted)
bind BO-0 to VM 1, vmHandleId = 0, range: ffff800400200000 - ffff8004007a1000, size: 5902336, result: -1, errno: 1(Operation not permitted)
bind BO-0 to VM 1, vmHandleId = 0, range: ffff800400200000 - ffff8004008c1000, size: 7081984, result: -1, errno: 1(Operation not permitted)
bind BO-0 to VM 1, vmHandleId = 0, range: ffff800400200000 - ffff800400b01000, size: 9441280, result: -1, errno: 1(Operation not permitted)
bind BO-0 to VM 1, vmHandleId = 0, range: ffff800400200000 - ffff800400711000, size: 5312512, result: -1, errno: 1(Operation not permitted)
bind BO-0 to VM 1, vmHandleId = 0, range: ffff800400200000 - ffff8004009e1000, size: 8261632, result: -1, errno: 1(Operation not permitted)
bind BO-0 to VM 1, vmHandleId = 0, range: ffff800400200000 - ffff800400951000, size: 7671808, result: -1, errno: 1(Operation not permitted)
bind BO-0 to VM 1, vmHandleId = 0, range: ffff800400200000 - ffff8004007a1000, size: 5902336, result: -1, errno: 1(Operation not permitted)
bind BO-0 to VM 1, vmHandleId = 0, range: ffff800400200000 - ffff8004007a1000, size: 5902336, result: -1, errno: 1(Operation not permitted)
bind BO-0 to VM 1, vmHandleId = 0, range: ffff800400200000 - ffff8004008c1000, size: 7081984, result: -1, errno: 1(Operation not permitted)
bind BO-0 to VM 1, vmHandleId = 0, range: ffff800400200000 - ffff8004007a1000, size: 5902336, result: -1, errno: 1(Operation not permitted)
bind BO-0 to VM 1, vmHandleId = 0, range: ffff800400200000 - ffff8004008c1000, size: 7081984, result: -1, errno: 1(Operation not permitted)
bind BO-0 to VM 1, vmHandleId = 0, range: ffff800400200000 - ffff800400b01000, size: 9441280, result: -1, errno: 1(Operation not permitted)
bind BO-0 to VM 1, vmHandleId = 0, range: ffff800400200000 - ffff800400711000, size: 5312512, result: -1, errno: 1(Operation not permitted)
bind BO-0 to VM 1, vmHandleId = 0, range: ffff800400200000 - ffff800400d7d000, size: 12046336, result: -1, errno: 1(Operation not permitted)
bind BO-0 to VM 1, vmHandleId = 0, range: ffff800400200000 - ffff800400cab000, size: 11186176, result: -1, errno: 1(Operation not permitted)
bind BO-0 to VM 1, vmHandleId = 0, range: ffff800400200000 - ffff800400a35000, size: 8605696, result: -1, errno: 1(Operation not permitted)
bind BO-0 to VM 1, vmHandleId = 0, range: ffff800400200000 - ffff800400a35000, size: 8605696, result: -1, errno: 1(Operation not permitted)
bind BO-0 to VM 1, vmHandleId = 0, range: ffff800400200000 - ffff800400bd9000, size: 10326016, result: -1, errno: 1(Operation not permitted)
bind BO-0 to VM 1, vmHandleId = 0, range: ffff800400200000 - ffff800400a35000, size: 8605696, result: -1, errno: 1(Operation not permitted)
bind BO-0 to VM 1, vmHandleId = 0, range: ffff800400200000 - ffff8004006ed000, size: 5165056, result: -1, errno: 1(Operation not permitted)
bind BO-0 to VM 1, vmHandleId = 0, range: ffff800400200000 - ffff80040061b000, size: 4304896, result: -1, errno: 1(Operation not permitted)
bind BO-0 to VM 1, vmHandleId = 0, range: ffff800400200000 - ffff8004007bf000, size: 6025216, result: -1, errno: 1(Operation not permitted)
bind BO-0 to VM 1, vmHandleId = 0, range: ffff800400200000 - ffff800400bd9000, size: 10326016, result: -1, errno: 1(Operation not permitted)
bind BO-0 to VM 1, vmHandleId = 0, range: ffff800400200000 - ffff8004006ed000, size: 5165056, result: -1, errno: 1(Operation not permitted)
bind BO-0 to VM 1, vmHandleId = 0, range: ffff800400200000 - ffff8004006ed000, size: 5165056, result: -1, errno: 1(Operation not permitted)
bind BO-0 to VM 1, vmHandleId = 0, range: ffff800400200000 - ffff800400f21000, size: 13766656, result: -1, errno: 1(Operation not permitted)
bind BO-0 to VM 1, vmHandleId = 0, range: ffff800400200000 - ffff800400963000, size: 7745536, result: -1, errno: 1(Operation not permitted)
bind BO-0 to VM 1, vmHandleId = 0, range: ffff800400200000 - ffff80040061b000, size: 4304896, result: -1, errno: 1(Operation not permitted)
bind BO-0 to VM 1, vmHandleId = 0, range: ffff800400200000 - ffff80040061b000, size: 4304896, result: -1, errno: 1(Operation not permitted)
bind BO-0 to VM 1, vmHandleId = 0, range: ffff800400200000 - ffff80040061b000, size: 4304896, result: -1, errno: 1(Operation not permitted)
bind BO-0 to VM 1, vmHandleId = 0, range: ffff800400200000 - ffff80040061b000, size: 4304896, result: -1, errno: 1(Operation not permitted)
bind BO-0 to VM 1, vmHandleId = 0, range: ffff800400200000 - ffff800400681000, size: 4722688, result: -1, errno: 1(Operation not permitted)
bind BO-0 to VM 1, vmHandleId = 0, range: ffff800400200000 - ffff800400711000, size: 5312512, result: -1, errno: 1(Operation not permitted)
bind BO-0 to VM 1, vmHandleId = 0, range: ffff800400200000 - ffff800400831000, size: 6492160, result: -1, errno: 1(Operation not permitted)
bind BO-0 to VM 1, vmHandleId = 0, range: ffff800400200000 - ffff8004008c1000, size: 7081984, result: -1, errno: 1(Operation not permitted)
bind BO-0 to VM 1, vmHandleId = 0, range: ffff800400200000 - ffff800400681000, size: 4722688, result: -1, errno: 1(Operation not permitted)
bind BO-0 to VM 1, vmHandleId = 0, range: ffff800400200000 - ffff800400681000, size: 4722688, result: -1, errno: 1(Operation not permitted)
bind BO-0 to VM 1, vmHandleId = 0, range: ffff800400200000 - ffff800400711000, size: 5312512, result: -1, errno: 1(Operation not permitted)
bind BO-0 to VM 1, vmHandleId = 0, range: ffff800400200000 - ffff800400711000, size: 5312512, result: -1, errno: 1(Operation not permitted)
bind BO-0 to VM 1, vmHandleId = 0, range: ffff800400200000 - ffff800400681000, size: 4722688, result: -1, errno: 1(Operation not permitted)
bind BO-0 to VM 1, vmHandleId = 0, range: ffff800400200000 - ffff800400711000, size: 5312512, result: -1, errno: 1(Operation not permitted)
bind BO-0 to VM 1, vmHandleId = 0, range: ffff800400200000 - ffff800400831000, size: 6492160, result: -1, errno: 1(Operation not permitted)
bind BO-0 to VM 1, vmHandleId = 0, range: ffff800400200000 - ffff8004008c1000, size: 7081984, result: -1, errno: 1(Operation not permitted)
bind BO-0 to VM 1, vmHandleId = 0, range: ffff800400200000 - ffff800400681000, size: 4722688, result: -1, errno: 1(Operation not permitted)
bind BO-0 to VM 1, vmHandleId = 0, range: ffff800400200000 - ffff800400681000, size: 4722688, result: -1, errno: 1(Operation not permitted)
bind BO-0 to VM 1, vmHandleId = 0, range: ffff800400200000 - ffff800400711000, size: 5312512, result: -1, errno: 1(Operation not permitted)
bind BO-0 to VM 1, vmHandleId = 0, range: ffff800400200000 - ffff800400711000, size: 5312512, result: -1, errno: 1(Operation not permitted)
bind BO-0 to VM 1, vmHandleId = 0, range: ffff800400200000 - ffff80040061b000, size: 4304896, result: -1, errno: 1(Operation not permitted)
bind BO-0 to VM 1, vmHandleId = 0, range: ffff800400200000 - ffff800400891000, size: 6885376, result: -1, errno: 1(Operation not permitted)
bind BO-0 to VM 1, vmHandleId = 0, range: ffff800400200000 - ffff800400963000, size: 7745536, result: -1, errno: 1(Operation not permitted)
bind BO-0 to VM 1, vmHandleId = 0, range: ffff800400200000 - ffff8004006ed000, size: 5165056, result: -1, errno: 1(Operation not permitted)
bind BO-0 to VM 1, vmHandleId = 0, range: ffff800400200000 - ffff800400b07000, size: 9465856, result: -1, errno: 1(Operation not permitted)
bind BO-0 to VM 1, vmHandleId = 0, range: ffff800400200000 - ffff8004007bf000, size: 6025216, result: -1, errno: 1(Operation not permitted)
bind BO-0 to VM 1, vmHandleId = 0, range: ffff800400200000 - ffff800400bd9000, size: 10326016, result: -1, errno: 1(Operation not permitted)
bind BO-0 to VM 1, vmHandleId = 0, range: ffff800400200000 - ffff800400891000, size: 6885376, result: -1, errno: 1(Operation not permitted)
bind BO-0 to VM 1, vmHandleId = 0, range: ffff800400200000 - ffff8004006ed000, size: 5165056, result: -1, errno: 1(Operation not permitted)
bind BO-0 to VM 1, vmHandleId = 0, range: ffff800400200000 - ffff800400891000, size: 6885376, result: -1, errno: 1(Operation not permitted)
bind BO-0 to VM 1, vmHandleId = 0, range: ffff800400200000 - ffff8004007bf000, size: 6025216, result: -1, errno: 1(Operation not permitted)
bind BO-0 to VM 1, vmHandleId = 0, range: ffff800400200000 - ffff800400963000, size: 7745536, result: -1, errno: 1(Operation not permitted)
bind BO-0 to VM 1, vmHandleId = 0, range: ffff800400200000 - ffff80040061b000, size: 4304896, result: -1, errno: 1(Operation not permitted)
bind BO-0 to VM 1, vmHandleId = 0, range: ffff800400200000 - ffff800400963000, size: 7745536, result: -1, errno: 1(Operation not permitted)
bind BO-0 to VM 1, vmHandleId = 0, range: ffff800400200000 - ffff8004006ed000, size: 5165056, result: -1, errno: 1(Operation not permitted)
bind BO-0 to VM 1, vmHandleId = 0, range: ffff800400200000 - ffff800400ef1000, size: 13570048, result: -1, errno: 1(Operation not permitted)
bind BO-0 to VM 1, vmHandleId = 0, range: ffff800400200000 - ffff800400711000, size: 5312512, result: -1, errno: 1(Operation not permitted)
bind BO-0 to VM 1, vmHandleId = 0, range: ffff800400200000 - ffff800400ef1000, size: 13570048, result: -1, errno: 1(Operation not permitted)
bind BO-0 to VM 1, vmHandleId = 0, range: ffff800400200000 - ffff800400711000, size: 5312512, result: -1, errno: 1(Operation not permitted)
bind BO-0 to VM 1, vmHandleId = 0, range: ffff800400200000 - ffff80040061b000, size: 4304896, result: -1, errno: 1(Operation not permitted)
bind BO-0 to VM 1, vmHandleId = 0, range: ffff800400200000 - ffff8004006ed000, size: 5165056, result: -1, errno: 1(Operation not permitted)
bind BO-0 to VM 1, vmHandleId = 0, range: ffff800400200000 - ffff8004006ed000, size: 5165056, result: -1, errno: 1(Operation not permitted)
bind BO-0 to VM 1, vmHandleId = 0, range: ffff800400200000 - ffff8004006ed000, size: 5165056, result: -1, errno: 1(Operation not permitted)
bind BO-0 to VM 1, vmHandleId = 0, range: ffff800400200000 - ffff8004014df000, size: 19787776, result: -1, errno: 1(Operation not permitted)
bind BO-0 to VM 1, vmHandleId = 0, range: ffff800400200000 - ffff8004006ed000, size: 5165056, result: -1, errno: 1(Operation not permitted)
bind BO-0 to VM 1, vmHandleId = 0, range: ffff800400200000 - ffff80040061b000, size: 4304896, result: -1, errno: 1(Operation not permitted)
bind BO-0 to VM 1, vmHandleId = 0, range: ffff800400200000 - ffff8004007bf000, size: 6025216, result: -1, errno: 1(Operation not permitted)
bind BO-0 to VM 1, vmHandleId = 0, range: ffff800400200000 - ffff800400963000, size: 7745536, result: -1, errno: 1(Operation not permitted)
bind BO-0 to VM 1, vmHandleId = 0, range: ffff800400200000 - ffff8004007a1000, size: 5902336, result: -1, errno: 1(Operation not permitted)
bind BO-0 to VM 1, vmHandleId = 0, range: ffff800400200000 - ffff800400681000, size: 4722688, result: -1, errno: 1(Operation not permitted)
bind BO-0 to VM 1, vmHandleId = 0, range: ffff800400200000 - ffff8004009e1000, size: 8261632, result: -1, errno: 1(Operation not permitted)
bind BO-0 to VM 1, vmHandleId = 0, range: ffff800400200000 - ffff800400831000, size: 6492160, result: -1, errno: 1(Operation not permitted)
bind BO-0 to VM 1, vmHandleId = 0, range: ffff800400200000 - ffff800400681000, size: 4722688, result: -1, errno: 1(Operation not permitted)
bind BO-0 to VM 1, vmHandleId = 0, range: ffff800400200000 - ffff800400951000, size: 7671808, result: -1, errno: 1(Operation not permitted)
bind BO-0 to VM 1, vmHandleId = 0, range: ffff800400200000 - ffff8004007a1000, size: 5902336, result: -1, errno: 1(Operation not permitted)
bind BO-0 to VM 1, vmHandleId = 0, range: ffff800400200000 - ffff800400681000, size: 4722688, result: -1, errno: 1(Operation not permitted)
bind BO-0 to VM 1, vmHandleId = 0, range: ffff800400200000 - ffff8004009e1000, size: 8261632, result: -1, errno: 1(Operation not permitted)
bind BO-0 to VM 1, vmHandleId = 0, range: ffff800400200000 - ffff800400831000, size: 6492160, result: -1, errno: 1(Operation not permitted)
bind BO-0 to VM 1, vmHandleId = 0, range: ffff800400200000 - ffff800400681000, size: 4722688, result: -1, errno: 1(Operation not permitted)
bind BO-0 to VM 1, vmHandleId = 0, range: ffff800400200000 - ffff800400951000, size: 7671808, result: -1, errno: 1(Operation not permitted)
bind BO-0 to VM 1, vmHandleId = 0, range: ffff800400200000 - ffff8004006ed000, size: 5165056, result: -1, errno: 1(Operation not permitted)
bind BO-0 to VM 1, vmHandleId = 0, range: ffff800400200000 - ffff8004006ed000, size: 5165056, result: -1, errno: 1(Operation not permitted)
bind BO-0 to VM 1, vmHandleId = 0, range: ffff800400200000 - ffff800400a35000, size: 8605696, result: -1, errno: 1(Operation not permitted)
bind BO-0 to VM 1, vmHandleId = 0, range: ffff800400200000 - ffff8004007bf000, size: 6025216, result: -1, errno: 1(Operation not permitted)
bind BO-0 to VM 1, vmHandleId = 0, range: ffff800400200000 - ffff800400891000, size: 6885376, result: -1, errno: 1(Operation not permitted)
bind BO-0 to VM 1, vmHandleId = 0, range: ffff800400200000 - ffff800400d7d000, size: 12046336, result: -1, errno: 1(Operation not permitted)
bind BO-0 to VM 1, vmHandleId = 0, range: ffff800400200000 - ffff800400b07000, size: 9465856, result: -1, errno: 1(Operation not permitted)
bind BO-0 to VM 1, vmHandleId = 0, range: ffff800400200000 - ffff80040061b000, size: 4304896, result: -1, errno: 1(Operation not permitted)
bind BO-0 to VM 1, vmHandleId = 0, range: ffff800400200000 - ffff800400891000, size: 6885376, result: -1, errno: 1(Operation not permitted)
bind BO-0 to VM 1, vmHandleId = 0, range: ffff800400200000 - ffff800400cab000, size: 11186176, result: -1, errno: 1(Operation not permitted)
bind BO-0 to VM 1, vmHandleId = 0, range: ffff800400200000 - ffff800400682000, size: 4726784, result: -1, errno: 1(Operation not permitted)
bind BO-0 to VM 1, vmHandleId = 0, range: ffff800400200000 - ffff8004008c2000, size: 7086080, result: -1, errno: 1(Operation not permitted)
bind BO-0 to VM 1, vmHandleId = 0, range: ffff800400200000 - ffff800400712000, size: 5316608, result: -1, errno: 1(Operation not permitted)
bind BO-0 to VM 1, vmHandleId = 0, range: ffff800400200000 - ffff800400952000, size: 7675904, result: -1, errno: 1(Operation not permitted)
bind BO-0 to VM 1, vmHandleId = 0, range: ffff800400200000 - ffff800400682000, size: 4726784, result: -1, errno: 1(Operation not permitted)
bind BO-0 to VM 1, vmHandleId = 0, range: ffff800400200000 - ffff8004008c2000, size: 7086080, result: -1, errno: 1(Operation not permitted)
bind BO-0 to VM 1, vmHandleId = 0, range: ffff800400200000 - ffff800400712000, size: 5316608, result: -1, errno: 1(Operation not permitted)
bind BO-0 to VM 1, vmHandleId = 0, range: ffff800400200000 - ffff800400952000, size: 7675904, result: -1, errno: 1(Operation not permitted)
bind BO-0 to VM 1, vmHandleId = 0, range: ffff800400200000 - ffff8004006ee000, size: 5169152, result: -1, errno: 1(Operation not permitted)
bind BO-0 to VM 1, vmHandleId = 0, range: ffff800400200000 - ffff8004006ee000, size: 5169152, result: -1, errno: 1(Operation not permitted)
bind BO-0 to VM 1, vmHandleId = 0, range: ffff800400200000 - ffff800400892000, size: 6889472, result: -1, errno: 1(Operation not permitted)
bind BO-0 to VM 1, vmHandleId = 0, range: ffff800400200000 - ffff80040061c000, size: 4308992, result: -1, errno: 1(Operation not permitted)
bind BO-0 to VM 1, vmHandleId = 0, range: ffff800400200000 - ffff8004007c0000, size: 6029312, result: -1, errno: 1(Operation not permitted)
bind BO-0 to VM 1, vmHandleId = 0, range: ffff800400200000 - ffff800400bda000, size: 10330112, result: -1, errno: 1(Operation not permitted)
bind BO-0 to VM 1, vmHandleId = 0, range: ffff800400200000 - ffff800400964000, size: 7749632, result: -1, errno: 1(Operation not permitted)
bind BO-0 to VM 1, vmHandleId = 0, range: ffff800400200000 - ffff8004006ee000, size: 5169152, result: -1, errno: 1(Operation not permitted)
bind BO-0 to VM 1, vmHandleId = 0, range: ffff800400200000 - ffff8004006ee000, size: 5169152, result: -1, errno: 1(Operation not permitted)
bind BO-0 to VM 1, vmHandleId = 0, range: ffff800400200000 - ffff8004006ee000, size: 5169152, result: -1, errno: 1(Operation not permitted)
bind BO-0 to VM 1, vmHandleId = 0, range: ffff800400200000 - ffff8004006ee000, size: 5169152, result: -1, errno: 1(Operation not permitted)
bind BO-0 to VM 1, vmHandleId = 0, range: ffff800400200000 - ffff80040061c000, size: 4308992, result: -1, errno: 1(Operation not permitted)
bind BO-0 to VM 1, vmHandleId = 0, range: ffff800400200000 - ffff800400cac000, size: 11190272, result: -1, errno: 1(Operation not permitted)
bind BO-0 to VM 1, vmHandleId = 0, range: ffff800400200000 - ffff80040061c000, size: 4308992, result: -1, errno: 1(Operation not permitted)
bind BO-0 to VM 1, vmHandleId = 0, range: ffff800400200000 - ffff80040061c000, size: 4308992, result: -1, errno: 1(Operation not permitted)
bind BO-0 to VM 1, vmHandleId = 0, range: ffff800400200000 - ffff80040061b000, size: 4304896, result: -1, errno: 1(Operation not permitted)
bind BO-0 to VM 1, vmHandleId = 0, range: ffff800400200000 - ffff8004007a1000, size: 5902336, result: -1, errno: 1(Operation not permitted)
bind BO-0 to VM 1, vmHandleId = 0, range: ffff800400200000 - ffff800401881000, size: 23597056, result: -1, errno: 1(Operation not permitted)
bind BO-0 to VM 1, vmHandleId = 0, range: ffff800400200000 - ffff800400b01000, size: 9441280, result: -1, errno: 1(Operation not permitted)
bind BO-0 to VM 1, vmHandleId = 0, range: ffff800400200000 - ffff800400711000, size: 5312512, result: -1, errno: 1(Operation not permitted)
bind BO-0 to VM 1, vmHandleId = 0, range: ffff800400200000 - ffff8004007a1000, size: 5902336, result: -1, errno: 1(Operation not permitted)
bind BO-0 to VM 1, vmHandleId = 0, range: ffff800400200000 - ffff8004007a1000, size: 5902336, result: -1, errno: 1(Operation not permitted)
bind BO-0 to VM 1, vmHandleId = 0, range: ffff800400200000 - ffff800400c21000, size: 10620928, result: -1, errno: 1(Operation not permitted)
bind BO-0 to VM 1, vmHandleId = 0, range: ffff800400200000 - ffff8004008c1000, size: 7081984, result: -1, errno: 1(Operation not permitted)
bind BO-0 to VM 1, vmHandleId = 0, range: ffff800400200000 - ffff800400681000, size: 4722688, result: -1, errno: 1(Operation not permitted)
bind BO-0 to VM 1, vmHandleId = 0, range: ffff800400200000 - ffff800400b91000, size: 10031104, result: -1, errno: 1(Operation not permitted)
bind BO-0 to VM 1, vmHandleId = 0, range: ffff800400200000 - ffff8004008c1000, size: 7081984, result: -1, errno: 1(Operation not permitted)
bind BO-0 to VM 1, vmHandleId = 0, range: ffff800400200000 - ffff8004007a1000, size: 5902336, result: -1, errno: 1(Operation not permitted)
bind BO-0 to VM 1, vmHandleId = 0, range: ffff800400200000 - ffff800401881000, size: 23597056, result: -1, errno: 1(Operation not permitted)
bind BO-0 to VM 1, vmHandleId = 0, range: ffff800400200000 - ffff800400b01000, size: 9441280, result: -1, errno: 1(Operation not permitted)
bind BO-0 to VM 1, vmHandleId = 0, range: ffff800400200000 - ffff800400711000, size: 5312512, result: -1, errno: 1(Operation not permitted)
bind BO-0 to VM 1, vmHandleId = 0, range: ffff800400200000 - ffff8004007a1000, size: 5902336, result: -1, errno: 1(Operation not permitted)
bind BO-0 to VM 1, vmHandleId = 0, range: ffff800400200000 - ffff8004007a1000, size: 5902336, result: -1, errno: 1(Operation not permitted)
bind BO-0 to VM 1, vmHandleId = 0, range: ffff800400200000 - ffff800400c21000, size: 10620928, result: -1, errno: 1(Operation not permitted)
bind BO-0 to VM 1, vmHandleId = 0, range: ffff800400200000 - ffff8004008c1000, size: 7081984, result: -1, errno: 1(Operation not permitted)
bind BO-0 to VM 1, vmHandleId = 0, range: ffff800400200000 - ffff800400681000, size: 4722688, result: -1, errno: 1(Operation not permitted)
bind BO-0 to VM 1, vmHandleId = 0, range: ffff800400200000 - ffff800400b91000, size: 10031104, result: -1, errno: 1(Operation not permitted)
bind BO-0 to VM 1, vmHandleId = 0, range: ffff800400200000 - ffff8004008c1000, size: 7081984, result: -1, errno: 1(Operation not permitted)
bind BO-0 to VM 1, vmHandleId = 0, range: ffff800400200000 - ffff800400a35000, size: 8605696, result: -1, errno: 1(Operation not permitted)
bind BO-0 to VM 1, vmHandleId = 0, range: ffff800400200000 - ffff80040061b000, size: 4304896, result: -1, errno: 1(Operation not permitted)
bind BO-0 to VM 1, vmHandleId = 0, range: ffff800400200000 - ffff8004022d1000, size: 34410496, result: -1, errno: 1(Operation not permitted)
bind BO-0 to VM 1, vmHandleId = 0, range: ffff800400200000 - ffff8004006ed000, size: 5165056, result: -1, errno: 1(Operation not permitted)
bind BO-0 to VM 1, vmHandleId = 0, range: ffff800400200000 - ffff800400f21000, size: 13766656, result: -1, errno: 1(Operation not permitted)
bind BO-0 to VM 1, vmHandleId = 0, range: ffff800400200000 - ffff800400963000, size: 7745536, result: -1, errno: 1(Operation not permitted)
bind BO-0 to VM 1, vmHandleId = 0, range: ffff800400200000 - ffff8004006ed000, size: 5165056, result: -1, errno: 1(Operation not permitted)
bind BO-0 to VM 1, vmHandleId = 0, range: ffff800400200000 - ffff80040061b000, size: 4304896, result: -1, errno: 1(Operation not permitted)
bind BO-0 to VM 1, vmHandleId = 0, range: ffff800400200000 - ffff8004006ed000, size: 5165056, result: -1, errno: 1(Operation not permitted)
bind BO-0 to VM 1, vmHandleId = 0, range: ffff800400200000 - ffff800400a35000, size: 8605696, result: -1, errno: 1(Operation not permitted)
bind BO-0 to VM 1, vmHandleId = 0, range: ffff800400200000 - ffff800400a35000, size: 8605696, result: -1, errno: 1(Operation not permitted)
bind BO-0 to VM 1, vmHandleId = 0, range: ffff800400200000 - ffff8004007bf000, size: 6025216, result: -1, errno: 1(Operation not permitted)
bind BO-0 to VM 1, vmHandleId = 0, range: ffff800400200000 - ffff8004006ed000, size: 5165056, result: -1, errno: 1(Operation not permitted)
bind BO-0 to VM 1, vmHandleId = 0, range: ffff800400200000 - ffff8004010c5000, size: 15486976, result: -1, errno: 1(Operation not permitted)
bind BO-0 to VM 1, vmHandleId = 0, range: ffff800400200000 - ffff8004006ed000, size: 5165056, result: -1, errno: 1(Operation not permitted)
bind BO-0 to VM 1, vmHandleId = 0, range: ffff800400200000 - ffff800400bd9000, size: 10326016, result: -1, errno: 1(Operation not permitted)
bind BO-0 to VM 1, vmHandleId = 0, range: ffff800400200000 - ffff800400891000, size: 6885376, result: -1, errno: 1(Operation not permitted)
bind BO-0 to VM 1, vmHandleId = 0, range: ffff800400200000 - ffff800400ff3000, size: 14626816, result: -1, errno: 1(Operation not permitted)
bind BO-0 to VM 1, vmHandleId = 0, range: ffff800400200000 - ffff800400bd9000, size: 10326016, result: -1, errno: 1(Operation not permitted)
bind BO-0 to VM 1, vmHandleId = 0, range: ffff800400200000 - ffff800400b01000, size: 9441280, result: -1, errno: 1(Operation not permitted)
bind BO-0 to VM 1, vmHandleId = 0, range: ffff800400200000 - ffff800400951000, size: 7671808, result: -1, errno: 1(Operation not permitted)
bind BO-0 to VM 1, vmHandleId = 0, range: ffff800400200000 - ffff800400681000, size: 4722688, result: -1, errno: 1(Operation not permitted)
bind BO-0 to VM 1, vmHandleId = 0, range: ffff800400200000 - ffff800400a71000, size: 8851456, result: -1, errno: 1(Operation not permitted)
bind BO-0 to VM 1, vmHandleId = 0, range: ffff800400200000 - ffff8004007a1000, size: 5902336, result: -1, errno: 1(Operation not permitted)
bind BO-0 to VM 1, vmHandleId = 0, range: ffff800400200000 - ffff800400681000, size: 4722688, result: -1, errno: 1(Operation not permitted)
bind BO-0 to VM 1, vmHandleId = 0, range: ffff800400200000 - ffff800400711000, size: 5312512, result: -1, errno: 1(Operation not permitted)
bind BO-0 to VM 1, vmHandleId = 0, range: ffff800400200000 - ffff800400a71000, size: 8851456, result: -1, errno: 1(Operation not permitted)
bind BO-0 to VM 1, vmHandleId = 0, range: ffff800400200000 - ffff800401a31000, size: 25366528, result: -1, errno: 1(Operation not permitted)
bind BO-0 to VM 1, vmHandleId = 0, range: ffff800400200000 - ffff8004009e1000, size: 8261632, result: -1, errno: 1(Operation not permitted)
bind BO-0 to VM 1, vmHandleId = 0, range: ffff800400200000 - ffff800400951000, size: 7671808, result: -1, errno: 1(Operation not permitted)
bind BO-0 to VM 1, vmHandleId = 0, range: ffff800400200000 - ffff800400b01000, size: 9441280, result: -1, errno: 1(Operation not permitted)
bind BO-0 to VM 1, vmHandleId = 0, range: ffff800400200000 - ffff800400951000, size: 7671808, result: -1, errno: 1(Operation not permitted)
bind BO-0 to VM 1, vmHandleId = 0, range: ffff800400200000 - ffff800400681000, size: 4722688, result: -1, errno: 1(Operation not permitted)
bind BO-0 to VM 1, vmHandleId = 0, range: ffff800400200000 - ffff800400a71000, size: 8851456, result: -1, errno: 1(Operation not permitted)
bind BO-0 to VM 1, vmHandleId = 0, range: ffff800400200000 - ffff8004007a1000, size: 5902336, result: -1, errno: 1(Operation not permitted)
bind BO-0 to VM 1, vmHandleId = 0, range: ffff800400200000 - ffff800400681000, size: 4722688, result: -1, errno: 1(Operation not permitted)
bind BO-0 to VM 1, vmHandleId = 0, range: ffff800400200000 - ffff800400711000, size: 5312512, result: -1, errno: 1(Operation not permitted)
bind BO-0 to VM 1, vmHandleId = 0, range: ffff800400200000 - ffff800400a71000, size: 8851456, result: -1, errno: 1(Operation not permitted)
bind BO-0 to VM 1, vmHandleId = 0, range: ffff800400200000 - ffff800401a31000, size: 25366528, result: -1, errno: 1(Operation not permitted)
bind BO-0 to VM 1, vmHandleId = 0, range: ffff800400200000 - ffff8004009e1000, size: 8261632, result: -1, errno: 1(Operation not permitted)
bind BO-0 to VM 1, vmHandleId = 0, range: ffff800400200000 - ffff800400951000, size: 7671808, result: -1, errno: 1(Operation not permitted)
bind BO-0 to VM 1, vmHandleId = 0, range: ffff800400200000 - ffff800400f21000, size: 13766656, result: -1, errno: 1(Operation not permitted)
bind BO-0 to VM 1, vmHandleId = 0, range: ffff800400200000 - ffff800400cab000, size: 11186176, result: -1, errno: 1(Operation not permitted)
bind BO-0 to VM 1, vmHandleId = 0, range: ffff800400200000 - ffff800400891000, size: 6885376, result: -1, errno: 1(Operation not permitted)
bind BO-0 to VM 1, vmHandleId = 0, range: ffff800400200000 - ffff800400e4f000, size: 12906496, result: -1, errno: 1(Operation not permitted)
bind BO-0 to VM 1, vmHandleId = 0, range: ffff800400200000 - ffff8004007bf000, size: 6025216, result: -1, errno: 1(Operation not permitted)
bind BO-0 to VM 1, vmHandleId = 0, range: ffff800400200000 - ffff800400a35000, size: 8605696, result: -1, errno: 1(Operation not permitted)
bind BO-0 to VM 1, vmHandleId = 0, range: ffff800400200000 - ffff800400891000, size: 6885376, result: -1, errno: 1(Operation not permitted)
bind BO-0 to VM 1, vmHandleId = 0, range: ffff800400200000 - ffff800400963000, size: 7745536, result: -1, errno: 1(Operation not permitted)
bind BO-0 to VM 1, vmHandleId = 0, range: ffff800400200000 - ffff80040061b000, size: 4304896, result: -1, errno: 1(Operation not permitted)
bind BO-0 to VM 1, vmHandleId = 0, range: ffff800400200000 - ffff8004007bf000, size: 6025216, result: -1, errno: 1(Operation not permitted)
bind BO-0 to VM 1, vmHandleId = 0, range: ffff800400200000 - ffff800400e4f000, size: 12906496, result: -1, errno: 1(Operation not permitted)
bind BO-0 to VM 1, vmHandleId = 0, range: ffff800400200000 - ffff800402547000, size: 36990976, result: -1, errno: 1(Operation not permitted)
bind BO-0 to VM 1, vmHandleId = 0, range: ffff800400200000 - ffff800400d7d000, size: 12046336, result: -1, errno: 1(Operation not permitted)
bind BO-0 to VM 1, vmHandleId = 0, range: ffff800400200000 - ffff8004006ed000, size: 5165056, result: -1, errno: 1(Operation not permitted)
bind BO-0 to VM 1, vmHandleId = 0, range: ffff800400200000 - ffff800400cab000, size: 11186176, result: -1, errno: 1(Operation not permitted)
bind BO-0 to VM 1, vmHandleId = 0, range: ffff800400200000 - ffff80040061b000, size: 4304896, result: -1, errno: 1(Operation not permitted)
bind BO-0 to VM 1, vmHandleId = 0, range: ffff800400200000 - ffff800400c21000, size: 10620928, result: -1, errno: 1(Operation not permitted)
bind BO-0 to VM 1, vmHandleId = 0, range: ffff800400200000 - ffff800400951000, size: 7671808, result: -1, errno: 1(Operation not permitted)
bind BO-0 to VM 1, vmHandleId = 0, range: ffff800400200000 - ffff800400b91000, size: 10031104, result: -1, errno: 1(Operation not permitted)
bind BO-0 to VM 1, vmHandleId = 0, range: ffff800400200000 - ffff8004009e1000, size: 8261632, result: -1, errno: 1(Operation not permitted)
bind BO-0 to VM 1, vmHandleId = 0, range: ffff800400200000 - ffff800401881000, size: 23597056, result: -1, errno: 1(Operation not permitted)
bind BO-0 to VM 1, vmHandleId = 0, range: ffff800400200000 - ffff800400681000, size: 4722688, result: -1, errno: 1(Operation not permitted)
bind BO-0 to VM 1, vmHandleId = 0, range: ffff800400200000 - ffff800401641000, size: 21237760, result: -1, errno: 1(Operation not permitted)
bind BO-0 to VM 1, vmHandleId = 0, range: ffff800400200000 - ffff800400951000, size: 7671808, result: -1, errno: 1(Operation not permitted)
bind BO-0 to VM 1, vmHandleId = 0, range: ffff800400200000 - ffff800401491000, size: 19468288, result: -1, errno: 1(Operation not permitted)
bind BO-0 to VM 1, vmHandleId = 0, range: ffff800400200000 - ffff800400681000, size: 4722688, result: -1, errno: 1(Operation not permitted)
bind BO-0 to VM 1, vmHandleId = 0, range: ffff800400200000 - ffff800400a71000, size: 8851456, result: -1, errno: 1(Operation not permitted)
bind BO-0 to VM 1, vmHandleId = 0, range: ffff800400200000 - ffff800400c21000, size: 10620928, result: -1, errno: 1(Operation not permitted)
bind BO-0 to VM 1, vmHandleId = 0, range: ffff800400200000 - ffff800400c21000, size: 10620928, result: -1, errno: 1(Operation not permitted)
bind BO-0 to VM 1, vmHandleId = 0, range: ffff800400200000 - ffff800400951000, size: 7671808, result: -1, errno: 1(Operation not permitted)
bind BO-0 to VM 1, vmHandleId = 0, range: ffff800400200000 - ffff800400b91000, size: 10031104, result: -1, errno: 1(Operation not permitted)
bind BO-0 to VM 1, vmHandleId = 0, range: ffff800400200000 - ffff8004009e1000, size: 8261632, result: -1, errno: 1(Operation not permitted)
bind BO-0 to VM 1, vmHandleId = 0, range: ffff800400200000 - ffff800401881000, size: 23597056, result: -1, errno: 1(Operation not permitted)
bind BO-0 to VM 1, vmHandleId = 0, range: ffff800400200000 - ffff800400681000, size: 4722688, result: -1, errno: 1(Operation not permitted)
bind BO-0 to VM 1, vmHandleId = 0, range: ffff800400200000 - ffff800401641000, size: 21237760, result: -1, errno: 1(Operation not permitted)
bind BO-0 to VM 1, vmHandleId = 0, range: ffff800400200000 - ffff800400951000, size: 7671808, result: -1, errno: 1(Operation not permitted)
bind BO-0 to VM 1, vmHandleId = 0, range: ffff800400200000 - ffff800401491000, size: 19468288, result: -1, errno: 1(Operation not permitted)
bind BO-0 to VM 1, vmHandleId = 0, range: ffff800400200000 - ffff800400681000, size: 4722688, result: -1, errno: 1(Operation not permitted)
bind BO-0 to VM 1, vmHandleId = 0, range: ffff800400200000 - ffff800400a71000, size: 8851456, result: -1, errno: 1(Operation not permitted)
bind BO-0 to VM 1, vmHandleId = 0, range: ffff800400200000 - ffff800400c21000, size: 10620928, result: -1, errno: 1(Operation not permitted)
bind BO-0 to VM 1, vmHandleId = 0, range: ffff800400200000 - ffff8004010c5000, size: 15486976, result: -1, errno: 1(Operation not permitted)
bind BO-0 to VM 1, vmHandleId = 0, range: ffff800400200000 - ffff800400cab000, size: 11186176, result: -1, errno: 1(Operation not permitted)
bind BO-0 to VM 1, vmHandleId = 0, range: ffff800400200000 - ffff800400ff3000, size: 14626816, result: -1, errno: 1(Operation not permitted)
bind BO-0 to VM 1, vmHandleId = 0, range: ffff800400200000 - ffff800400d7d000, size: 12046336, result: -1, errno: 1(Operation not permitted)
bind BO-0 to VM 1, vmHandleId = 0, range: ffff800400200000 - ffff8004022d1000, size: 34410496, result: -1, errno: 1(Operation not permitted)
bind BO-0 to VM 1, vmHandleId = 0, range: ffff800400200000 - ffff800400891000, size: 6885376, result: -1, errno: 1(Operation not permitted)
bind BO-0 to VM 1, vmHandleId = 0, range: ffff800400200000 - ffff800401f89000, size: 30969856, result: -1, errno: 1(Operation not permitted)
bind BO-0 to VM 1, vmHandleId = 0, range: ffff800400200000 - ffff800400cab000, size: 11186176, result: -1, errno: 1(Operation not permitted)
bind BO-0 to VM 1, vmHandleId = 0, range: ffff800400200000 - ffff800401d13000, size: 28389376, result: -1, errno: 1(Operation not permitted)
bind BO-0 to VM 1, vmHandleId = 0, range: ffff800400200000 - ffff800400891000, size: 6885376, result: -1, errno: 1(Operation not permitted)
bind BO-0 to VM 1, vmHandleId = 0, range: ffff800400200000 - ffff8004006ed000, size: 5165056, result: -1, errno: 1(Operation not permitted)
bind BO-0 to VM 1, vmHandleId = 0, range: ffff800400200000 - ffff800400e4f000, size: 12906496, result: -1, errno: 1(Operation not permitted)
bind BO-0 to VM 1, vmHandleId = 0, range: ffff800400200000 - ffff8004010c5000, size: 15486976, result: -1, errno: 1(Operation not permitted)
bind BO-0 to VM 1, vmHandleId = 0, range: ffff800400200000 - ffff800400ef1000, size: 13570048, result: -1, errno: 1(Operation not permitted)
bind BO-0 to VM 1, vmHandleId = 0, range: ffff800400200000 - ffff800400681000, size: 4722688, result: -1, errno: 1(Operation not permitted)
bind BO-0 to VM 1, vmHandleId = 0, range: ffff800400200000 - ffff800400dd1000, size: 12390400, result: -1, errno: 1(Operation not permitted)
bind BO-0 to VM 1, vmHandleId = 0, range: ffff800400200000 - ffff8004008c1000, size: 7081984, result: -1, errno: 1(Operation not permitted)
bind BO-0 to VM 1, vmHandleId = 0, range: ffff800400200000 - ffff800400681000, size: 4722688, result: -1, errno: 1(Operation not permitted)
bind BO-0 to VM 1, vmHandleId = 0, range: ffff800400200000 - ffff8004008c1000, size: 7081984, result: -1, errno: 1(Operation not permitted)
bind BO-0 to VM 1, vmHandleId = 0, range: ffff800400200000 - ffff8004008c1000, size: 7081984, result: -1, errno: 1(Operation not permitted)
bind BO-0 to VM 1, vmHandleId = 0, range: ffff800400200000 - ffff800400cb1000, size: 11210752, result: -1, errno: 1(Operation not permitted)
bind BO-0 to VM 1, vmHandleId = 0, range: ffff800400200000 - ffff800400cb1000, size: 11210752, result: -1, errno: 1(Operation not permitted)
bind BO-0 to VM 1, vmHandleId = 0, range: ffff800400200000 - ffff8004008c1000, size: 7081984, result: -1, errno: 1(Operation not permitted)
bind BO-0 to VM 1, vmHandleId = 0, range: ffff800400200000 - ffff800400ef1000, size: 13570048, result: -1, errno: 1(Operation not permitted)
bind BO-0 to VM 1, vmHandleId = 0, range: ffff800400200000 - ffff800400681000, size: 4722688, result: -1, errno: 1(Operation not permitted)
bind BO-0 to VM 1, vmHandleId = 0, range: ffff800400200000 - ffff800400dd1000, size: 12390400, result: -1, errno: 1(Operation not permitted)
bind BO-0 to VM 1, vmHandleId = 0, range: ffff800400200000 - ffff8004008c1000, size: 7081984, result: -1, errno: 1(Operation not permitted)
bind BO-0 to VM 1, vmHandleId = 0, range: ffff800400200000 - ffff800400681000, size: 4722688, result: -1, errno: 1(Operation not permitted)
bind BO-0 to VM 1, vmHandleId = 0, range: ffff800400200000 - ffff8004008c1000, size: 7081984, result: -1, errno: 1(Operation not permitted)
bind BO-0 to VM 1, vmHandleId = 0, range: ffff800400200000 - ffff8004008c1000, size: 7081984, result: -1, errno: 1(Operation not permitted)
bind BO-0 to VM 1, vmHandleId = 0, range: ffff800400200000 - ffff800400cb1000, size: 11210752, result: -1, errno: 1(Operation not permitted)
bind BO-0 to VM 1, vmHandleId = 0, range: ffff800400200000 - ffff800400cb1000, size: 11210752, result: -1, errno: 1(Operation not permitted)
bind BO-0 to VM 1, vmHandleId = 0, range: ffff800400200000 - ffff8004008c1000, size: 7081984, result: -1, errno: 1(Operation not permitted)
bind BO-0 to VM 1, vmHandleId = 0, range: ffff800400200000 - ffff8004014df000, size: 19787776, result: -1, errno: 1(Operation not permitted)
bind BO-0 to VM 1, vmHandleId = 0, range: ffff800400200000 - ffff800400891000, size: 6885376, result: -1, errno: 1(Operation not permitted)
bind BO-0 to VM 1, vmHandleId = 0, range: ffff800400200000 - ffff80040133b000, size: 18067456, result: -1, errno: 1(Operation not permitted)
bind BO-0 to VM 1, vmHandleId = 0, range: ffff800400200000 - ffff800400bd9000, size: 10326016, result: -1, errno: 1(Operation not permitted)
bind BO-0 to VM 1, vmHandleId = 0, range: ffff800400200000 - ffff8004006ed000, size: 5165056, result: -1, errno: 1(Operation not permitted)
bind BO-0 to VM 1, vmHandleId = 0, range: ffff800400200000 - ffff800400891000, size: 6885376, result: -1, errno: 1(Operation not permitted)
bind BO-0 to VM 1, vmHandleId = 0, range: ffff800400200000 - ffff800400bd9000, size: 10326016, result: -1, errno: 1(Operation not permitted)
bind BO-0 to VM 1, vmHandleId = 0, range: ffff800400200000 - ffff800400bd9000, size: 10326016, result: -1, errno: 1(Operation not permitted)
bind BO-0 to VM 1, vmHandleId = 0, range: ffff800400200000 - ffff800401197000, size: 16347136, result: -1, errno: 1(Operation not permitted)
bind BO-0 to VM 1, vmHandleId = 0, range: ffff800400200000 - ffff80040061b000, size: 4304896, result: -1, errno: 1(Operation not permitted)
bind BO-0 to VM 1, vmHandleId = 0, range: ffff800400200000 - ffff80040061b000, size: 4304896, result: -1, errno: 1(Operation not permitted)
bind BO-0 to VM 1, vmHandleId = 0, range: ffff800400200000 - ffff800401197000, size: 16347136, result: -1, errno: 1(Operation not permitted)
bind BO-0 to VM 1, vmHandleId = 0, range: ffff800400200000 - ffff80040061b000, size: 4304896, result: -1, errno: 1(Operation not permitted)
bind BO-0 to VM 1, vmHandleId = 0, range: ffff800400200000 - ffff800400bd9000, size: 10326016, result: -1, errno: 1(Operation not permitted)
bind BO-0 to VM 1, vmHandleId = 0, range: ffff800400200000 - ffff800400711000, size: 5312512, result: -1, errno: 1(Operation not permitted)
bind BO-0 to VM 1, vmHandleId = 0, range: ffff800400200000 - ffff8004008c1000, size: 7081984, result: -1, errno: 1(Operation not permitted)
bind BO-0 to VM 1, vmHandleId = 0, range: ffff800400200000 - ffff800400681000, size: 4722688, result: -1, errno: 1(Operation not permitted)
bind BO-0 to VM 1, vmHandleId = 0, range: ffff800400200000 - ffff800400681000, size: 4722688, result: -1, errno: 1(Operation not permitted)
bind BO-0 to VM 1, vmHandleId = 0, range: ffff800400200000 - ffff800400681000, size: 4722688, result: -1, errno: 1(Operation not permitted)
bind BO-0 to VM 1, vmHandleId = 0, range: ffff800400200000 - ffff8004007a1000, size: 5902336, result: -1, errno: 1(Operation not permitted)
bind BO-0 to VM 1, vmHandleId = 0, range: ffff800400200000 - ffff800400681000, size: 4722688, result: -1, errno: 1(Operation not permitted)
bind BO-0 to VM 1, vmHandleId = 0, range: ffff800400200000 - ffff800400711000, size: 5312512, result: -1, errno: 1(Operation not permitted)
bind BO-0 to VM 1, vmHandleId = 0, range: ffff800400200000 - ffff8004008c1000, size: 7081984, result: -1, errno: 1(Operation not permitted)
bind BO-0 to VM 1, vmHandleId = 0, range: ffff800400200000 - ffff800400681000, size: 4722688, result: -1, errno: 1(Operation not permitted)
bind BO-0 to VM 1, vmHandleId = 0, range: ffff800400200000 - ffff800400681000, size: 4722688, result: -1, errno: 1(Operation not permitted)
bind BO-0 to VM 1, vmHandleId = 0, range: ffff800400200000 - ffff800400681000, size: 4722688, result: -1, errno: 1(Operation not permitted)
bind BO-0 to VM 1, vmHandleId = 0, range: ffff800400200000 - ffff8004007a1000, size: 5902336, result: -1, errno: 1(Operation not permitted)
bind BO-0 to VM 1, vmHandleId = 0, range: ffff800400200000 - ffff800400681000, size: 4722688, result: -1, errno: 1(Operation not permitted)
bind BO-0 to VM 1, vmHandleId = 0, range: ffff800400200000 - ffff800400963000, size: 7745536, result: -1, errno: 1(Operation not permitted)
bind BO-0 to VM 1, vmHandleId = 0, range: ffff800400200000 - ffff8004007bf000, size: 6025216, result: -1, errno: 1(Operation not permitted)
bind BO-0 to VM 1, vmHandleId = 0, range: ffff800400200000 - ffff800400bd9000, size: 10326016, result: -1, errno: 1(Operation not permitted)
bind BO-0 to VM 1, vmHandleId = 0, range: ffff800400200000 - ffff8004007bf000, size: 6025216, result: -1, errno: 1(Operation not permitted)
bind BO-0 to VM 1, vmHandleId = 0, range: ffff800400200000 - ffff800400891000, size: 6885376, result: -1, errno: 1(Operation not permitted)
bind BO-0 to VM 1, vmHandleId = 0, range: ffff800400200000 - ffff8004007bf000, size: 6025216, result: -1, errno: 1(Operation not permitted)
bind BO-0 to VM 1, vmHandleId = 0, range: ffff800400200000 - ffff8004006ed000, size: 5165056, result: -1, errno: 1(Operation not permitted)
bind BO-0 to VM 1, vmHandleId = 0, range: ffff800400200000 - ffff800400891000, size: 6885376, result: -1, errno: 1(Operation not permitted)
bind BO-0 to VM 1, vmHandleId = 0, range: ffff800400200000 - ffff80040061b000, size: 4304896, result: -1, errno: 1(Operation not permitted)
bind BO-0 to VM 1, vmHandleId = 0, range: ffff800400200000 - ffff800400891000, size: 6885376, result: -1, errno: 1(Operation not permitted)
bind BO-0 to VM 1, vmHandleId = 0, range: ffff800400200000 - ffff8004007bf000, size: 6025216, result: -1, errno: 1(Operation not permitted)
bind BO-0 to VM 1, vmHandleId = 0, range: ffff800400200000 - ffff800400a35000, size: 8605696, result: -1, errno: 1(Operation not permitted)
bind BO-0 to VM 1, vmHandleId = 0, range: ffff800400200000 - ffff800400891000, size: 6885376, result: -1, errno: 1(Operation not permitted)
bind BO-0 to VM 1, vmHandleId = 0, range: ffff800400200000 - ffff8004006ed000, size: 5165056, result: -1, errno: 1(Operation not permitted)
bind BO-0 to VM 1, vmHandleId = 0, range: ffff800400200000 - ffff80040061b000, size: 4304896, result: -1, errno: 1(Operation not permitted)
bind BO-0 to VM 1, vmHandleId = 0, range: ffff800400200000 - ffff8004007a1000, size: 5902336, result: -1, errno: 1(Operation not permitted)
bind BO-0 to VM 1, vmHandleId = 0, range: ffff800400200000 - ffff800400dd1000, size: 12390400, result: -1, errno: 1(Operation not permitted)
bind BO-0 to VM 1, vmHandleId = 0, range: ffff800400200000 - ffff8004008c1000, size: 7081984, result: -1, errno: 1(Operation not permitted)
bind BO-0 to VM 1, vmHandleId = 0, range: ffff800400200000 - ffff8004007a1000, size: 5902336, result: -1, errno: 1(Operation not permitted)
bind BO-0 to VM 1, vmHandleId = 0, range: ffff800400200000 - ffff800400dd1000, size: 12390400, result: -1, errno: 1(Operation not permitted)
bind BO-0 to VM 1, vmHandleId = 0, range: ffff800400200000 - ffff8004008c1000, size: 7081984, result: -1, errno: 1(Operation not permitted)
bind BO-0 to VM 1, vmHandleId = 0, range: ffff800400200000 - ffff8004007a1000, size: 5902336, result: -1, errno: 1(Operation not permitted)
bind BO-0 to VM 1, vmHandleId = 0, range: ffff800400200000 - ffff800400dd1000, size: 12390400, result: -1, errno: 1(Operation not permitted)
bind BO-0 to VM 1, vmHandleId = 0, range: ffff800400200000 - ffff8004008c1000, size: 7081984, result: -1, errno: 1(Operation not permitted)
bind BO-0 to VM 1, vmHandleId = 0, range: ffff800400200000 - ffff800400681000, size: 4722688, result: -1, errno: 1(Operation not permitted)
bind BO-0 to VM 1, vmHandleId = 0, range: ffff800400200000 - ffff8004007a1000, size: 5902336, result: -1, errno: 1(Operation not permitted)
bind BO-0 to VM 1, vmHandleId = 0, range: ffff800400200000 - ffff800400cb1000, size: 11210752, result: -1, errno: 1(Operation not permitted)
bind BO-0 to VM 1, vmHandleId = 0, range: ffff800400200000 - ffff800400951000, size: 7671808, result: -1, errno: 1(Operation not permitted)
bind BO-0 to VM 1, vmHandleId = 0, range: ffff800400200000 - ffff800400681000, size: 4722688, result: -1, errno: 1(Operation not permitted)
bind BO-0 to VM 1, vmHandleId = 0, range: ffff800400200000 - ffff8004007a1000, size: 5902336, result: -1, errno: 1(Operation not permitted)
bind BO-0 to VM 1, vmHandleId = 0, range: ffff800400200000 - ffff800400cb1000, size: 11210752, result: -1, errno: 1(Operation not permitted)
bind BO-0 to VM 1, vmHandleId = 0, range: ffff800400200000 - ffff800400951000, size: 7671808, result: -1, errno: 1(Operation not permitted)
bind BO-0 to VM 1, vmHandleId = 0, range: ffff800400200000 - ffff800400681000, size: 4722688, result: -1, errno: 1(Operation not permitted)
bind BO-0 to VM 1, vmHandleId = 0, range: ffff800400200000 - ffff8004007a1000, size: 5902336, result: -1, errno: 1(Operation not permitted)
bind BO-0 to VM 1, vmHandleId = 0, range: ffff800400200000 - ffff800400cb1000, size: 11210752, result: -1, errno: 1(Operation not permitted)
bind BO-0 to VM 1, vmHandleId = 0, range: ffff800400200000 - ffff800400951000, size: 7671808, result: -1, errno: 1(Operation not permitted)
bind BO-0 to VM 1, vmHandleId = 0, range: ffff800400200000 - ffff800400681000, size: 4722688, result: -1, errno: 1(Operation not permitted)
bind BO-0 to VM 1, vmHandleId = 0, range: ffff800400200000 - ffff800400681000, size: 4722688, result: -1, errno: 1(Operation not permitted)
bind BO-0 to VM 1, vmHandleId = 0, range: ffff800400200000 - ffff800400831000, size: 6492160, result: -1, errno: 1(Operation not permitted)
bind BO-0 to VM 1, vmHandleId = 0, range: ffff800400200000 - ffff800400681000, size: 4722688, result: -1, errno: 1(Operation not permitted)
bind BO-0 to VM 1, vmHandleId = 0, range: ffff800400200000 - ffff800400681000, size: 4722688, result: -1, errno: 1(Operation not permitted)
bind BO-0 to VM 1, vmHandleId = 0, range: ffff800400200000 - ffff800400681000, size: 4722688, result: -1, errno: 1(Operation not permitted)
bind BO-0 to VM 1, vmHandleId = 0, range: ffff800400200000 - ffff800400831000, size: 6492160, result: -1, errno: 1(Operation not permitted)
bind BO-0 to VM 1, vmHandleId = 0, range: ffff800400200000 - ffff800400681000, size: 4722688, result: -1, errno: 1(Operation not permitted)
bind BO-0 to VM 1, vmHandleId = 0, range: ffff800400200000 - ffff80040061b000, size: 4304896, result: -1, errno: 1(Operation not permitted)
bind BO-0 to VM 1, vmHandleId = 0, range: ffff800400200000 - ffff800400891000, size: 6885376, result: -1, errno: 1(Operation not permitted)
bind BO-0 to VM 1, vmHandleId = 0, range: ffff800400200000 - ffff8004007bf000, size: 6025216, result: -1, errno: 1(Operation not permitted)
bind BO-0 to VM 1, vmHandleId = 0, range: ffff800400200000 - ffff80040061b000, size: 4304896, result: -1, errno: 1(Operation not permitted)
bind BO-0 to VM 1, vmHandleId = 0, range: ffff800400200000 - ffff80040061b000, size: 4304896, result: -1, errno: 1(Operation not permitted)
bind BO-0 to VM 1, vmHandleId = 0, range: ffff800400200000 - ffff80040061b000, size: 4304896, result: -1, errno: 1(Operation not permitted)
bind BO-0 to VM 1, vmHandleId = 0, range: ffff800400200000 - ffff80040061b000, size: 4304896, result: -1, errno: 1(Operation not permitted)
bind BO-0 to VM 1, vmHandleId = 0, range: ffff800400200000 - ffff80040061b000, size: 4304896, result: -1, errno: 1(Operation not permitted)
bind BO-0 to VM 1, vmHandleId = 0, range: ffff800400200000 - ffff8004006ed000, size: 5165056, result: -1, errno: 1(Operation not permitted)
bind BO-0 to VM 1, vmHandleId = 0, range: ffff800400200000 - ffff80040061b000, size: 4304896, result: -1, errno: 1(Operation not permitted)
bind BO-0 to VM 1, vmHandleId = 0, range: ffff800400200000 - ffff8004007bf000, size: 6025216, result: -1, errno: 1(Operation not permitted)
bind BO-0 to VM 1, vmHandleId = 0, range: ffff800400200000 - ffff8004007bf000, size: 6025216, result: -1, errno: 1(Operation not permitted)
bind BO-0 to VM 1, vmHandleId = 0, range: ffff800400200000 - ffff800400891000, size: 6885376, result: -1, errno: 1(Operation not permitted)
bind BO-0 to VM 1, vmHandleId = 0, range: ffff800400200000 - ffff800400b07000, size: 9465856, result: -1, errno: 1(Operation not permitted)
bind BO-0 to VM 1, vmHandleId = 0, range: ffff800400200000 - ffff800400891000, size: 6885376, result: -1, errno: 1(Operation not permitted)
bind BO-0 to VM 1, vmHandleId = 0, range: ffff800400200000 - ffff800400681000, size: 4722688, result: -1, errno: 1(Operation not permitted)
bind BO-0 to VM 1, vmHandleId = 0, range: ffff800400200000 - ffff8004009e1000, size: 8261632, result: -1, errno: 1(Operation not permitted)
bind BO-0 to VM 1, vmHandleId = 0, range: ffff800400200000 - ffff8004008c1000, size: 7081984, result: -1, errno: 1(Operation not permitted)
bind BO-0 to VM 1, vmHandleId = 0, range: ffff800400200000 - ffff800400711000, size: 5312512, result: -1, errno: 1(Operation not permitted)
bind BO-0 to VM 1, vmHandleId = 0, range: ffff800400200000 - ffff800400681000, size: 4722688, result: -1, errno: 1(Operation not permitted)
bind BO-0 to VM 1, vmHandleId = 0, range: ffff800400200000 - ffff800400681000, size: 4722688, result: -1, errno: 1(Operation not permitted)
bind BO-0 to VM 1, vmHandleId = 0, range: ffff800400200000 - ffff8004009e1000, size: 8261632, result: -1, errno: 1(Operation not permitted)
bind BO-0 to VM 1, vmHandleId = 0, range: ffff800400200000 - ffff8004008c1000, size: 7081984, result: -1, errno: 1(Operation not permitted)
bind BO-0 to VM 1, vmHandleId = 0, range: ffff800400200000 - ffff800400711000, size: 5312512, result: -1, errno: 1(Operation not permitted)
bind BO-0 to VM 1, vmHandleId = 0, range: ffff800400200000 - ffff800400681000, size: 4722688, result: -1, errno: 1(Operation not permitted)
bind BO-0 to VM 1, vmHandleId = 0, range: ffff800400200000 - ffff800400681000, size: 4722688, result: -1, errno: 1(Operation not permitted)
bind BO-0 to VM 1, vmHandleId = 0, range: ffff800400200000 - ffff8004009e1000, size: 8261632, result: -1, errno: 1(Operation not permitted)
bind BO-0 to VM 1, vmHandleId = 0, range: ffff800400200000 - ffff8004008c1000, size: 7081984, result: -1, errno: 1(Operation not permitted)
bind BO-0 to VM 1, vmHandleId = 0, range: ffff800400200000 - ffff800400711000, size: 5312512, result: -1, errno: 1(Operation not permitted)
bind BO-0 to VM 1, vmHandleId = 0, range: ffff800400200000 - ffff800400681000, size: 4722688, result: -1, errno: 1(Operation not permitted)
bind BO-0 to VM 1, vmHandleId = 0, range: ffff800400200000 - ffff800400711000, size: 5312512, result: -1, errno: 1(Operation not permitted)
bind BO-0 to VM 1, vmHandleId = 0, range: ffff800400200000 - ffff800400711000, size: 5312512, result: -1, errno: 1(Operation not permitted)
bind BO-0 to VM 1, vmHandleId = 0, range: ffff800400200000 - ffff8004007a1000, size: 5902336, result: -1, errno: 1(Operation not permitted)
bind BO-0 to VM 1, vmHandleId = 0, range: ffff800400200000 - ffff800400711000, size: 5312512, result: -1, errno: 1(Operation not permitted)
bind BO-0 to VM 1, vmHandleId = 0, range: ffff800400200000 - ffff800400a71000, size: 8851456, result: -1, errno: 1(Operation not permitted)
bind BO-0 to VM 1, vmHandleId = 0, range: ffff800400200000 - ffff800400681000, size: 4722688, result: -1, errno: 1(Operation not permitted)
bind BO-0 to VM 1, vmHandleId = 0, range: ffff800400200000 - ffff8004007a1000, size: 5902336, result: -1, errno: 1(Operation not permitted)
bind BO-0 to VM 1, vmHandleId = 0, range: ffff800400200000 - ffff800400711000, size: 5312512, result: -1, errno: 1(Operation not permitted)
bind BO-0 to VM 1, vmHandleId = 0, range: ffff800400200000 - ffff800400711000, size: 5312512, result: -1, errno: 1(Operation not permitted)
bind BO-0 to VM 1, vmHandleId = 0, range: ffff800400200000 - ffff8004007a1000, size: 5902336, result: -1, errno: 1(Operation not permitted)
bind BO-0 to VM 1, vmHandleId = 0, range: ffff800400200000 - ffff800400711000, size: 5312512, result: -1, errno: 1(Operation not permitted)
bind BO-0 to VM 1, vmHandleId = 0, range: ffff800400200000 - ffff800400a71000, size: 8851456, result: -1, errno: 1(Operation not permitted)
bind BO-0 to VM 1, vmHandleId = 0, range: ffff800400200000 - ffff800400681000, size: 4722688, result: -1, errno: 1(Operation not permitted)
bind BO-0 to VM 1, vmHandleId = 0, range: ffff800400200000 - ffff8004007a1000, size: 5902336, result: -1, errno: 1(Operation not permitted)
bind BO-0 to VM 1, vmHandleId = 0, range: ffff800400200000 - ffff800400711000, size: 5312512, result: -1, errno: 1(Operation not permitted)
bind BO-0 to VM 1, vmHandleId = 0, range: ffff800400200000 - ffff800400711000, size: 5312512, result: -1, errno: 1(Operation not permitted)
bind BO-0 to VM 1, vmHandleId = 0, range: ffff800400200000 - ffff8004007a1000, size: 5902336, result: -1, errno: 1(Operation not permitted)
bind BO-0 to VM 1, vmHandleId = 0, range: ffff800400200000 - ffff800400711000, size: 5312512, result: -1, errno: 1(Operation not permitted)
bind BO-0 to VM 1, vmHandleId = 0, range: ffff800400200000 - ffff800400a71000, size: 8851456, result: -1, errno: 1(Operation not permitted)
bind BO-0 to VM 1, vmHandleId = 0, range: ffff800400200000 - ffff800400681000, size: 4722688, result: -1, errno: 1(Operation not permitted)
bind BO-0 to VM 1, vmHandleId = 0, range: ffff800400200000 - ffff8004007a1000, size: 5902336, result: -1, errno: 1(Operation not permitted)
bind BO-0 to VM 1, vmHandleId = 0, range: ffff800400200000 - ffff800400711000, size: 5312512, result: -1, errno: 1(Operation not permitted)
bind BO-0 to VM 1, vmHandleId = 0, range: ffff800400200000 - ffff800400951000, size: 7671808, result: -1, errno: 1(Operation not permitted)
bind BO-0 to VM 1, vmHandleId = 0, range: ffff800400200000 - ffff800400711000, size: 5312512, result: -1, errno: 1(Operation not permitted)
bind BO-0 to VM 1, vmHandleId = 0, range: ffff800400200000 - ffff8004007a1000, size: 5902336, result: -1, errno: 1(Operation not permitted)
bind BO-0 to VM 1, vmHandleId = 0, range: ffff800400200000 - ffff800400711000, size: 5312512, result: -1, errno: 1(Operation not permitted)
bind BO-0 to VM 1, vmHandleId = 0, range: ffff800400200000 - ffff800400951000, size: 7671808, result: -1, errno: 1(Operation not permitted)
bind BO-0 to VM 1, vmHandleId = 0, range: ffff800400200000 - ffff800400711000, size: 5312512, result: -1, errno: 1(Operation not permitted)
bind BO-0 to VM 1, vmHandleId = 0, range: ffff800400200000 - ffff8004007a1000, size: 5902336, result: -1, errno: 1(Operation not permitted)
bind BO-0 to VM 1, vmHandleId = 0, range: ffff800400200000 - ffff800400963000, size: 7745536, result: -1, errno: 1(Operation not permitted)
bind BO-0 to VM 1, vmHandleId = 0, range: ffff800400200000 - ffff8004007bf000, size: 6025216, result: -1, errno: 1(Operation not permitted)
bind BO-0 to VM 1, vmHandleId = 0, range: ffff800400200000 - ffff800400cab000, size: 11186176, result: -1, errno: 1(Operation not permitted)
bind BO-0 to VM 1, vmHandleId = 0, range: ffff800400200000 - ffff8004007bf000, size: 6025216, result: -1, errno: 1(Operation not permitted)
bind BO-0 to VM 1, vmHandleId = 0, range: ffff800400200000 - ffff800400963000, size: 7745536, result: -1, errno: 1(Operation not permitted)
bind BO-0 to VM 1, vmHandleId = 0, range: ffff800400200000 - ffff80040061b000, size: 4304896, result: -1, errno: 1(Operation not permitted)
bind BO-0 to VM 1, vmHandleId = 0, range: ffff800400200000 - ffff80040061b000, size: 4304896, result: -1, errno: 1(Operation not permitted)
bind BO-0 to VM 1, vmHandleId = 0, range: ffff800400200000 - ffff8004006ed000, size: 5165056, result: -1, errno: 1(Operation not permitted)
bind BO-0 to VM 1, vmHandleId = 0, range: ffff800400200000 - ffff8004006ed000, size: 5165056, result: -1, errno: 1(Operation not permitted)
bind BO-0 to VM 1, vmHandleId = 0, range: ffff800400200000 - ffff80040061b000, size: 4304896, result: -1, errno: 1(Operation not permitted)
bind BO-0 to VM 1, vmHandleId = 0, range: ffff800400200000 - ffff80040061b000, size: 4304896, result: -1, errno: 1(Operation not permitted)
bind BO-0 to VM 1, vmHandleId = 0, range: ffff800400200000 - ffff800400a35000, size: 8605696, result: -1, errno: 1(Operation not permitted)
bind BO-0 to VM 1, vmHandleId = 0, range: ffff800400200000 - ffff800400951000, size: 7671808, result: -1, errno: 1(Operation not permitted)
bind BO-0 to VM 1, vmHandleId = 0, range: ffff800400200000 - ffff800400951000, size: 7671808, result: -1, errno: 1(Operation not permitted)
bind BO-0 to VM 1, vmHandleId = 0, range: ffff800400200000 - ffff800400681000, size: 4722688, result: -1, errno: 1(Operation not permitted)
bind BO-0 to VM 1, vmHandleId = 0, range: ffff800400200000 - ffff800400951000, size: 7671808, result: -1, errno: 1(Operation not permitted)
bind BO-0 to VM 1, vmHandleId = 0, range: ffff800400200000 - ffff800400951000, size: 7671808, result: -1, errno: 1(Operation not permitted)
bind BO-0 to VM 1, vmHandleId = 0, range: ffff800400200000 - ffff800400681000, size: 4722688, result: -1, errno: 1(Operation not permitted)
bind BO-0 to VM 1, vmHandleId = 0, range: ffff800400200000 - ffff800400951000, size: 7671808, result: -1, errno: 1(Operation not permitted)
bind BO-0 to VM 1, vmHandleId = 0, range: ffff800400200000 - ffff800400951000, size: 7671808, result: -1, errno: 1(Operation not permitted)
bind BO-0 to VM 1, vmHandleId = 0, range: ffff800400200000 - ffff800400681000, size: 4722688, result: -1, errno: 1(Operation not permitted)
bind BO-0 to VM 1, vmHandleId = 0, range: ffff800400200000 - ffff8004007a1000, size: 5902336, result: -1, errno: 1(Operation not permitted)
bind BO-0 to VM 1, vmHandleId = 0, range: ffff800400200000 - ffff8004007a1000, size: 5902336, result: -1, errno: 1(Operation not permitted)
bind BO-0 to VM 1, vmHandleId = 0, range: ffff800400200000 - ffff8004007a1000, size: 5902336, result: -1, errno: 1(Operation not permitted)
bind BO-0 to VM 1, vmHandleId = 0, range: ffff800400200000 - ffff80040061b000, size: 4304896, result: -1, errno: 1(Operation not permitted)
bind BO-0 to VM 1, vmHandleId = 0, range: ffff800400200000 - ffff80040061b000, size: 4304896, result: -1, errno: 1(Operation not permitted)
bind BO-0 to VM 1, vmHandleId = 0, range: ffff800400200000 - ffff80040061b000, size: 4304896, result: -1, errno: 1(Operation not permitted)
bind BO-0 to VM 1, vmHandleId = 0, range: ffff800400200000 - ffff80040061b000, size: 4304896, result: -1, errno: 1(Operation not permitted)
bind BO-0 to VM 1, vmHandleId = 0, range: ffff800400200000 - ffff8004007bf000, size: 6025216, result: -1, errno: 1(Operation not permitted)
bind BO-0 to VM 1, vmHandleId = 0, range: ffff800400200000 - ffff80040061b000, size: 4304896, result: -1, errno: 1(Operation not permitted)
bind BO-0 to VM 1, vmHandleId = 0, range: ffff800400200000 - ffff8004006ed000, size: 5165056, result: -1, errno: 1(Operation not permitted)
bind BO-0 to VM 1, vmHandleId = 0, range: ffff800400200000 - ffff8004007a1000, size: 5902336, result: -1, errno: 1(Operation not permitted)
bind BO-0 to VM 1, vmHandleId = 0, range: ffff800400200000 - ffff8004007a1000, size: 5902336, result: -1, errno: 1(Operation not permitted)
bind BO-0 to VM 1, vmHandleId = 0, range: ffff800400200000 - ffff8004007a1000, size: 5902336, result: -1, errno: 1(Operation not permitted)
bind BO-0 to VM 1, vmHandleId = 0, range: ffff800400200000 - ffff800400b91000, size: 10031104, result: -1, errno: 1(Operation not permitted)
bind BO-0 to VM 1, vmHandleId = 0, range: ffff800400200000 - ffff8004007a1000, size: 5902336, result: -1, errno: 1(Operation not permitted)
bind BO-0 to VM 1, vmHandleId = 0, range: ffff800400200000 - ffff800400b91000, size: 10031104, result: -1, errno: 1(Operation not permitted)
bind BO-0 to VM 1, vmHandleId = 0, range: ffff800400200000 - ffff8004007a1000, size: 5902336, result: -1, errno: 1(Operation not permitted)
bind BO-0 to VM 1, vmHandleId = 0, range: ffff800400200000 - ffff800400b91000, size: 10031104, result: -1, errno: 1(Operation not permitted)
bind BO-0 to VM 1, vmHandleId = 0, range: ffff800400200000 - ffff8004007a1000, size: 5902336, result: -1, errno: 1(Operation not permitted)
bind BO-0 to VM 1, vmHandleId = 0, range: ffff800400200000 - ffff800400681000, size: 4722688, result: -1, errno: 1(Operation not permitted)
bind BO-0 to VM 1, vmHandleId = 0, range: ffff800400200000 - ffff800400681000, size: 4722688, result: -1, errno: 1(Operation not permitted)
bind BO-0 to VM 1, vmHandleId = 0, range: ffff800400200000 - ffff800400891000, size: 6885376, result: -1, errno: 1(Operation not permitted)
bind BO-0 to VM 1, vmHandleId = 0, range: ffff800400200000 - ffff8004006ed000, size: 5165056, result: -1, errno: 1(Operation not permitted)
bind BO-0 to VM 1, vmHandleId = 0, range: ffff800400200000 - ffff8004006ed000, size: 5165056, result: -1, errno: 1(Operation not permitted)
bind BO-0 to VM 1, vmHandleId = 0, range: ffff800400200000 - ffff80040061b000, size: 4304896, result: -1, errno: 1(Operation not permitted)
bind BO-0 to VM 1, vmHandleId = 0, range: ffff800400200000 - ffff800400712000, size: 5316608, result: -1, errno: 1(Operation not permitted)
bind BO-0 to VM 1, vmHandleId = 0, range: ffff800400200000 - ffff800400832000, size: 6496256, result: -1, errno: 1(Operation not permitted)
bind BO-0 to VM 1, vmHandleId = 0, range: ffff800400200000 - ffff800400682000, size: 4726784, result: -1, errno: 1(Operation not permitted)
bind BO-0 to VM 1, vmHandleId = 0, range: ffff800400200000 - ffff800400712000, size: 5316608, result: -1, errno: 1(Operation not permitted)
bind BO-0 to VM 1, vmHandleId = 0, range: ffff800400200000 - ffff800400832000, size: 6496256, result: -1, errno: 1(Operation not permitted)
bind BO-0 to VM 1, vmHandleId = 0, range: ffff800400200000 - ffff800400682000, size: 4726784, result: -1, errno: 1(Operation not permitted)
bind BO-0 to VM 1, vmHandleId = 0, range: ffff800400200000 - ffff800400712000, size: 5316608, result: -1, errno: 1(Operation not permitted)
bind BO-0 to VM 1, vmHandleId = 0, range: ffff800400200000 - ffff800400832000, size: 6496256, result: -1, errno: 1(Operation not permitted)
bind BO-0 to VM 1, vmHandleId = 0, range: ffff800400200000 - ffff800400682000, size: 4726784, result: -1, errno: 1(Operation not permitted)
bind BO-0 to VM 1, vmHandleId = 0, range: ffff800400200000 - ffff800400681000, size: 4722688, result: -1, errno: 1(Operation not permitted)
bind BO-0 to VM 1, vmHandleId = 0, range: ffff800400200000 - ffff8004007a1000, size: 5902336, result: -1, errno: 1(Operation not permitted)
bind BO-0 to VM 1, vmHandleId = 0, range: ffff800400200000 - ffff800400681000, size: 4722688, result: -1, errno: 1(Operation not permitted)
bind BO-0 to VM 1, vmHandleId = 0, range: ffff800400200000 - ffff8004007a1000, size: 5902336, result: -1, errno: 1(Operation not permitted)
bind BO-0 to VM 1, vmHandleId = 0, range: ffff800400200000 - ffff8004007bf000, size: 6025216, result: -1, errno: 1(Operation not permitted)
bind BO-0 to VM 1, vmHandleId = 0, range: ffff800400200000 - ffff8004006ed000, size: 5165056, result: -1, errno: 1(Operation not permitted)
bind BO-0 to VM 1, vmHandleId = 0, range: ffff800400200000 - ffff800400891000, size: 6885376, result: -1, errno: 1(Operation not permitted)
bind BO-0 to VM 1, vmHandleId = 0, range: ffff800400200000 - ffff80040061b000, size: 4304896, result: -1, errno: 1(Operation not permitted)
bind BO-0 to VM 1, vmHandleId = 0, range: ffff800400200000 - ffff800400a35000, size: 8605696, result: -1, errno: 1(Operation not permitted)
bind BO-0 to VM 1, vmHandleId = 0, range: ffff800400200000 - ffff800400681000, size: 4722688, result: -1, errno: 1(Operation not permitted)
bind BO-0 to VM 1, vmHandleId = 0, range: ffff800400200000 - ffff800400711000, size: 5312512, result: -1, errno: 1(Operation not permitted)
bind BO-0 to VM 1, vmHandleId = 0, range: ffff800400200000 - ffff800400681000, size: 4722688, result: -1, errno: 1(Operation not permitted)
bind BO-0 to VM 1, vmHandleId = 0, range: ffff800400200000 - ffff800400681000, size: 4722688, result: -1, errno: 1(Operation not permitted)
bind BO-0 to VM 1, vmHandleId = 0, range: ffff800400200000 - ffff800400681000, size: 4722688, result: -1, errno: 1(Operation not permitted)
bind BO-0 to VM 1, vmHandleId = 0, range: ffff800400200000 - ffff800400cb1000, size: 11210752, result: -1, errno: 1(Operation not permitted)
bind BO-0 to VM 1, vmHandleId = 0, range: ffff800400200000 - ffff800400951000, size: 7671808, result: -1, errno: 1(Operation not permitted)
bind BO-0 to VM 1, vmHandleId = 0, range: ffff800400200000 - ffff8004007a1000, size: 5902336, result: -1, errno: 1(Operation not permitted)
bind BO-0 to VM 1, vmHandleId = 0, range: ffff800400200000 - ffff800400e61000, size: 12980224, result: -1, errno: 1(Operation not permitted)
bind BO-0 to VM 1, vmHandleId = 0, range: ffff800400200000 - ffff800400681000, size: 4722688, result: -1, errno: 1(Operation not permitted)
bind BO-0 to VM 1, vmHandleId = 0, range: ffff800400200000 - ffff800400681000, size: 4722688, result: -1, errno: 1(Operation not permitted)
bind BO-0 to VM 1, vmHandleId = 0, range: ffff800400200000 - ffff800400711000, size: 5312512, result: -1, errno: 1(Operation not permitted)
bind BO-0 to VM 1, vmHandleId = 0, range: ffff800400200000 - ffff800400681000, size: 4722688, result: -1, errno: 1(Operation not permitted)
bind BO-0 to VM 1, vmHandleId = 0, range: ffff800400200000 - ffff800400681000, size: 4722688, result: -1, errno: 1(Operation not permitted)
bind BO-0 to VM 1, vmHandleId = 0, range: ffff800400200000 - ffff800400681000, size: 4722688, result: -1, errno: 1(Operation not permitted)
bind BO-0 to VM 1, vmHandleId = 0, range: ffff800400200000 - ffff800400cb1000, size: 11210752, result: -1, errno: 1(Operation not permitted)
bind BO-0 to VM 1, vmHandleId = 0, range: ffff800400200000 - ffff800400951000, size: 7671808, result: -1, errno: 1(Operation not permitted)
bind BO-0 to VM 1, vmHandleId = 0, range: ffff800400200000 - ffff8004007a1000, size: 5902336, result: -1, errno: 1(Operation not permitted)
bind BO-0 to VM 1, vmHandleId = 0, range: ffff800400200000 - ffff800400e61000, size: 12980224, result: -1, errno: 1(Operation not permitted)
bind BO-0 to VM 1, vmHandleId = 0, range: ffff800400200000 - ffff800400681000, size: 4722688, result: -1, errno: 1(Operation not permitted)
bind BO-0 to VM 1, vmHandleId = 0, range: ffff800400200000 - ffff800400681000, size: 4722688, result: -1, errno: 1(Operation not permitted)
bind BO-0 to VM 1, vmHandleId = 0, range: ffff800400200000 - ffff800400711000, size: 5312512, result: -1, errno: 1(Operation not permitted)
bind BO-0 to VM 1, vmHandleId = 0, range: ffff800400200000 - ffff800400681000, size: 4722688, result: -1, errno: 1(Operation not permitted)
bind BO-0 to VM 1, vmHandleId = 0, range: ffff800400200000 - ffff800400681000, size: 4722688, result: -1, errno: 1(Operation not permitted)
bind BO-0 to VM 1, vmHandleId = 0, range: ffff800400200000 - ffff800400681000, size: 4722688, result: -1, errno: 1(Operation not permitted)
bind BO-0 to VM 1, vmHandleId = 0, range: ffff800400200000 - ffff800400cb1000, size: 11210752, result: -1, errno: 1(Operation not permitted)
bind BO-0 to VM 1, vmHandleId = 0, range: ffff800400200000 - ffff800400951000, size: 7671808, result: -1, errno: 1(Operation not permitted)
bind BO-0 to VM 1, vmHandleId = 0, range: ffff800400200000 - ffff8004007a1000, size: 5902336, result: -1, errno: 1(Operation not permitted)
bind BO-0 to VM 1, vmHandleId = 0, range: ffff800400200000 - ffff800400e61000, size: 12980224, result: -1, errno: 1(Operation not permitted)
bind BO-0 to VM 1, vmHandleId = 0, range: ffff800400200000 - ffff800400681000, size: 4722688, result: -1, errno: 1(Operation not permitted)
bind BO-0 to VM 1, vmHandleId = 0, range: ffff800400200000 - ffff800400cb1000, size: 11210752, result: -1, errno: 1(Operation not permitted)
bind BO-0 to VM 1, vmHandleId = 0, range: ffff800400200000 - ffff8004007a1000, size: 5902336, result: -1, errno: 1(Operation not permitted)
bind BO-0 to VM 1, vmHandleId = 0, range: ffff800400200000 - ffff800400681000, size: 4722688, result: -1, errno: 1(Operation not permitted)
bind BO-0 to VM 1, vmHandleId = 0, range: ffff800400200000 - ffff800400681000, size: 4722688, result: -1, errno: 1(Operation not permitted)
bind BO-0 to VM 1, vmHandleId = 0, range: ffff800400200000 - ffff800400711000, size: 5312512, result: -1, errno: 1(Operation not permitted)
bind BO-0 to VM 1, vmHandleId = 0, range: ffff800400200000 - ffff800400cb1000, size: 11210752, result: -1, errno: 1(Operation not permitted)
bind BO-0 to VM 1, vmHandleId = 0, range: ffff800400200000 - ffff8004007a1000, size: 5902336, result: -1, errno: 1(Operation not permitted)
bind BO-0 to VM 1, vmHandleId = 0, range: ffff800400200000 - ffff800400681000, size: 4722688, result: -1, errno: 1(Operation not permitted)
bind BO-0 to VM 1, vmHandleId = 0, range: ffff800400200000 - ffff800400681000, size: 4722688, result: -1, errno: 1(Operation not permitted)
bind BO-0 to VM 1, vmHandleId = 0, range: ffff800400200000 - ffff800400711000, size: 5312512, result: -1, errno: 1(Operation not permitted)
bind BO-0 to VM 1, vmHandleId = 0, range: ffff800400200000 - ffff800400cb1000, size: 11210752, result: -1, errno: 1(Operation not permitted)
bind BO-0 to VM 1, vmHandleId = 0, range: ffff800400200000 - ffff8004007a1000, size: 5902336, result: -1, errno: 1(Operation not permitted)
bind BO-0 to VM 1, vmHandleId = 0, range: ffff800400200000 - ffff800400681000, size: 4722688, result: -1, errno: 1(Operation not permitted)
bind BO-0 to VM 1, vmHandleId = 0, range: ffff800400200000 - ffff800400681000, size: 4722688, result: -1, errno: 1(Operation not permitted)
bind BO-0 to VM 1, vmHandleId = 0, range: ffff800400200000 - ffff800400711000, size: 5312512, result: -1, errno: 1(Operation not permitted)
bind BO-0 to VM 1, vmHandleId = 0, range: ffff800400200000 - ffff800400681000, size: 4722688, result: -1, errno: 1(Operation not permitted)
bind BO-0 to VM 1, vmHandleId = 0, range: ffff800400200000 - ffff800400b01000, size: 9441280, result: -1, errno: 1(Operation not permitted)
bind BO-0 to VM 1, vmHandleId = 0, range: ffff800400200000 - ffff800400b91000, size: 10031104, result: -1, errno: 1(Operation not permitted)
bind BO-0 to VM 1, vmHandleId = 0, range: ffff800400200000 - ffff800400681000, size: 4722688, result: -1, errno: 1(Operation not permitted)
bind BO-0 to VM 1, vmHandleId = 0, range: ffff800400200000 - ffff800400b01000, size: 9441280, result: -1, errno: 1(Operation not permitted)
bind BO-0 to VM 1, vmHandleId = 0, range: ffff800400200000 - ffff800400b91000, size: 10031104, result: -1, errno: 1(Operation not permitted)
bind BO-0 to VM 1, vmHandleId = 0, range: ffff800400200000 - ffff800400891000, size: 6885376, result: -1, errno: 1(Operation not permitted)
bind BO-0 to VM 1, vmHandleId = 0, range: ffff800400200000 - ffff8004007bf000, size: 6025216, result: -1, errno: 1(Operation not permitted)
bind BO-0 to VM 1, vmHandleId = 0, range: ffff800400200000 - ffff800400f21000, size: 13766656, result: -1, errno: 1(Operation not permitted)
bind BO-0 to VM 1, vmHandleId = 0, range: ffff800400200000 - ffff8004007bf000, size: 6025216, result: -1, errno: 1(Operation not permitted)
bind BO-0 to VM 1, vmHandleId = 0, range: ffff800400200000 - ffff80040061b000, size: 4304896, result: -1, errno: 1(Operation not permitted)
bind BO-0 to VM 1, vmHandleId = 0, range: ffff800400200000 - ffff800400ff3000, size: 14626816, result: -1, errno: 1(Operation not permitted)
bind BO-0 to VM 1, vmHandleId = 0, range: ffff800400200000 - ffff8004006ed000, size: 5165056, result: -1, errno: 1(Operation not permitted)
bind BO-0 to VM 1, vmHandleId = 0, range: ffff800400200000 - ffff800400681000, size: 4722688, result: -1, errno: 1(Operation not permitted)
bind BO-0 to VM 1, vmHandleId = 0, range: ffff800400200000 - ffff800400681000, size: 4722688, result: -1, errno: 1(Operation not permitted)
bind BO-0 to VM 1, vmHandleId = 0, range: ffff800400200000 - ffff800400681000, size: 4722688, result: -1, errno: 1(Operation not permitted)
bind BO-0 to VM 1, vmHandleId = 0, range: ffff800400200000 - ffff800400681000, size: 4722688, result: -1, errno: 1(Operation not permitted)
bind BO-0 to VM 1, vmHandleId = 0, range: ffff800400200000 - ffff800400711000, size: 5312512, result: -1, errno: 1(Operation not permitted)
bind BO-0 to VM 1, vmHandleId = 0, range: ffff800400200000 - ffff800400711000, size: 5312512, result: -1, errno: 1(Operation not permitted)
bind BO-0 to VM 1, vmHandleId = 0, range: ffff800400200000 - ffff800400681000, size: 4722688, result: -1, errno: 1(Operation not permitted)
bind BO-0 to VM 1, vmHandleId = 0, range: ffff800400200000 - ffff800400711000, size: 5312512, result: -1, errno: 1(Operation not permitted)
bind BO-0 to VM 1, vmHandleId = 0, range: ffff800400200000 - ffff800400711000, size: 5312512, result: -1, errno: 1(Operation not permitted)
bind BO-0 to VM 1, vmHandleId = 0, range: ffff800400200000 - ffff8004006ed000, size: 5165056, result: -1, errno: 1(Operation not permitted)
bind BO-0 to VM 1, vmHandleId = 0, range: ffff800400200000 - ffff8004006ed000, size: 5165056, result: -1, errno: 1(Operation not permitted)
bind BO-0 to VM 1, vmHandleId = 0, range: ffff800400200000 - ffff800400891000, size: 6885376, result: -1, errno: 1(Operation not permitted)
bind BO-0 to VM 1, vmHandleId = 0, range: ffff800400200000 - ffff800400963000, size: 7745536, result: -1, errno: 1(Operation not permitted)
bind BO-0 to VM 1, vmHandleId = 0, range: ffff800400200000 - ffff800400963000, size: 7745536, result: -1, errno: 1(Operation not permitted)
bind BO-0 to VM 1, vmHandleId = 0, range: ffff800400200000 - ffff8004007a1000, size: 5902336, result: -1, errno: 1(Operation not permitted)
bind BO-0 to VM 1, vmHandleId = 0, range: ffff800400200000 - ffff8004008c1000, size: 7081984, result: -1, errno: 1(Operation not permitted)
bind BO-0 to VM 1, vmHandleId = 0, range: ffff800400200000 - ffff8004007a1000, size: 5902336, result: -1, errno: 1(Operation not permitted)
bind BO-0 to VM 1, vmHandleId = 0, range: ffff800400200000 - ffff8004008c1000, size: 7081984, result: -1, errno: 1(Operation not permitted)
bind BO-0 to VM 1, vmHandleId = 0, range: ffff800400200000 - ffff8004007a1000, size: 5902336, result: -1, errno: 1(Operation not permitted)
bind BO-0 to VM 1, vmHandleId = 0, range: ffff800400200000 - ffff8004008c1000, size: 7081984, result: -1, errno: 1(Operation not permitted)
bind BO-0 to VM 1, vmHandleId = 0, range: ffff800400200000 - ffff800400711000, size: 5312512, result: -1, errno: 1(Operation not permitted)
bind BO-0 to VM 1, vmHandleId = 0, range: ffff800400200000 - ffff800400681000, size: 4722688, result: -1, errno: 1(Operation not permitted)
bind BO-0 to VM 1, vmHandleId = 0, range: ffff800400200000 - ffff800400711000, size: 5312512, result: -1, errno: 1(Operation not permitted)
bind BO-0 to VM 1, vmHandleId = 0, range: ffff800400200000 - ffff800400711000, size: 5312512, result: -1, errno: 1(Operation not permitted)
bind BO-0 to VM 1, vmHandleId = 0, range: ffff800400200000 - ffff800400681000, size: 4722688, result: -1, errno: 1(Operation not permitted)
bind BO-0 to VM 1, vmHandleId = 0, range: ffff800400200000 - ffff800400711000, size: 5312512, result: -1, errno: 1(Operation not permitted)
bind BO-0 to VM 1, vmHandleId = 0, range: ffff800400200000 - ffff800400711000, size: 5312512, result: -1, errno: 1(Operation not permitted)
bind BO-0 to VM 1, vmHandleId = 0, range: ffff800400200000 - ffff800400681000, size: 4722688, result: -1, errno: 1(Operation not permitted)
bind BO-0 to VM 1, vmHandleId = 0, range: ffff800400200000 - ffff800400711000, size: 5312512, result: -1, errno: 1(Operation not permitted)
bind BO-0 to VM 1, vmHandleId = 0, range: ffff800400200000 - ffff80040061b000, size: 4304896, result: -1, errno: 1(Operation not permitted)
bind BO-0 to VM 1, vmHandleId = 0, range: ffff800400200000 - ffff80040061b000, size: 4304896, result: -1, errno: 1(Operation not permitted)
bind BO-0 to VM 1, vmHandleId = 0, range: ffff800400200000 - ffff800400712000, size: 5316608, result: -1, errno: 1(Operation not permitted)
bind BO-0 to VM 1, vmHandleId = 0, range: ffff800400200000 - ffff800400712000, size: 5316608, result: -1, errno: 1(Operation not permitted)
bind BO-0 to VM 1, vmHandleId = 0, range: ffff800400200000 - ffff800400712000, size: 5316608, result: -1, errno: 1(Operation not permitted)
bind BO-0 to VM 1, vmHandleId = 0, range: ffff800400200000 - ffff800400711000, size: 5312512, result: -1, errno: 1(Operation not permitted)
bind BO-0 to VM 1, vmHandleId = 0, range: ffff800400200000 - ffff800400711000, size: 5312512, result: -1, errno: 1(Operation not permitted)
bind BO-0 to VM 1, vmHandleId = 0, range: ffff800400200000 - ffff800400711000, size: 5312512, result: -1, errno: 1(Operation not permitted)
bind BO-0 to VM 1, vmHandleId = 0, range: ffff800400200000 - ffff800400711000, size: 5312512, result: -1, errno: 1(Operation not permitted)
bind BO-0 to VM 1, vmHandleId = 0, range: ffff800400200000 - ffff800400711000, size: 5312512, result: -1, errno: 1(Operation not permitted)
bind BO-0 to VM 1, vmHandleId = 0, range: ffff800400200000 - ffff800400711000, size: 5312512, result: -1, errno: 1(Operation not permitted)
bind BO-0 to VM 1, vmHandleId = 0, range: ffff800400200000 - ffff800400681000, size: 4722688, result: -1, errno: 1(Operation not permitted)
bind BO-0 to VM 1, vmHandleId = 0, range: ffff800400200000 - ffff800400681000, size: 4722688, result: -1, errno: 1(Operation not permitted)
bind BO-0 to VM 1, vmHandleId = 0, range: ffff800400200000 - ffff800400891000, size: 6885376, result: -1, errno: 1(Operation not permitted)
bind BO-0 to VM 1, vmHandleId = 0, range: ffff800400200000 - ffff80040061b000, size: 4304896, result: -1, errno: 1(Operation not permitted)
bind BO-0 to VM 1, vmHandleId = 0, range: ffff800400200000 - ffff8004006ed000, size: 5165056, result: -1, errno: 1(Operation not permitted)
bind BO-0 to VM 1, vmHandleId = 0, range: ffff800400200000 - ffff8004007bf000, size: 6025216, result: -1, errno: 1(Operation not permitted)
bind BO-0 to VM 1, vmHandleId = 0, range: ffff800400200000 - ffff800400681000, size: 4722688, result: -1, errno: 1(Operation not permitted)
bind BO-0 to VM 1, vmHandleId = 0, range: ffff800400200000 - ffff800400681000, size: 4722688, result: -1, errno: 1(Operation not permitted)
bind BO-0 to VM 1, vmHandleId = 0, range: ffff800400200000 - ffff800400681000, size: 4722688, result: -1, errno: 1(Operation not permitted)
bind BO-0 to VM 1, vmHandleId = 0, range: ffff800400200000 - ffff800400711000, size: 5312512, result: -1, errno: 1(Operation not permitted)
bind BO-0 to VM 1, vmHandleId = 0, range: ffff800400200000 - ffff800400681000, size: 4722688, result: -1, errno: 1(Operation not permitted)
bind BO-0 to VM 1, vmHandleId = 0, range: ffff800400200000 - ffff800400711000, size: 5312512, result: -1, errno: 1(Operation not permitted)
bind BO-0 to VM 1, vmHandleId = 0, range: ffff800400200000 - ffff800400831000, size: 6492160, result: -1, errno: 1(Operation not permitted)
bind BO-0 to VM 1, vmHandleId = 0, range: ffff800400200000 - ffff800400711000, size: 5312512, result: -1, errno: 1(Operation not permitted)
bind BO-0 to VM 1, vmHandleId = 0, range: ffff800400200000 - ffff800400681000, size: 4722688, result: -1, errno: 1(Operation not permitted)
bind BO-0 to VM 1, vmHandleId = 0, range: ffff800400200000 - ffff800400711000, size: 5312512, result: -1, errno: 1(Operation not permitted)
bind BO-0 to VM 1, vmHandleId = 0, range: ffff800400200000 - ffff800400831000, size: 6492160, result: -1, errno: 1(Operation not permitted)
bind BO-0 to VM 1, vmHandleId = 0, range: ffff800400200000 - ffff800400711000, size: 5312512, result: -1, errno: 1(Operation not permitted)
bind BO-0 to VM 1, vmHandleId = 0, range: ffff800400200000 - ffff800400681000, size: 4722688, result: -1, errno: 1(Operation not permitted)
bind BO-0 to VM 1, vmHandleId = 0, range: ffff800400200000 - ffff800400711000, size: 5312512, result: -1, errno: 1(Operation not permitted)
bind BO-0 to VM 1, vmHandleId = 0, range: ffff800400200000 - ffff800400831000, size: 6492160, result: -1, errno: 1(Operation not permitted)
bind BO-0 to VM 1, vmHandleId = 0, range: ffff800400200000 - ffff8004007a1000, size: 5902336, result: -1, errno: 1(Operation not permitted)
bind BO-0 to VM 1, vmHandleId = 0, range: ffff800400200000 - ffff800400681000, size: 4722688, result: -1, errno: 1(Operation not permitted)
bind BO-0 to VM 1, vmHandleId = 0, range: ffff800400200000 - ffff8004007a1000, size: 5902336, result: -1, errno: 1(Operation not permitted)
bind BO-0 to VM 1, vmHandleId = 0, range: ffff800400200000 - ffff800400711000, size: 5312512, result: -1, errno: 1(Operation not permitted)
bind BO-0 to VM 1, vmHandleId = 0, range: ffff800400200000 - ffff8004007a1000, size: 5902336, result: -1, errno: 1(Operation not permitted)
bind BO-0 to VM 1, vmHandleId = 0, range: ffff800400200000 - ffff800400681000, size: 4722688, result: -1, errno: 1(Operation not permitted)
bind BO-0 to VM 1, vmHandleId = 0, range: ffff800400200000 - ffff8004007a1000, size: 5902336, result: -1, errno: 1(Operation not permitted)
bind BO-0 to VM 1, vmHandleId = 0, range: ffff800400200000 - ffff800400711000, size: 5312512, result: -1, errno: 1(Operation not permitted)
bind BO-0 to VM 1, vmHandleId = 0, range: ffff800400200000 - ffff800400a35000, size: 8605696, result: -1, errno: 1(Operation not permitted)
bind BO-0 to VM 1, vmHandleId = 0, range: ffff800400200000 - ffff800400891000, size: 6885376, result: -1, errno: 1(Operation not permitted)
bind BO-0 to VM 1, vmHandleId = 0, range: ffff800400200000 - ffff8004006ed000, size: 5165056, result: -1, errno: 1(Operation not permitted)
bind BO-0 to VM 1, vmHandleId = 0, range: ffff800400200000 - ffff80040061b000, size: 4304896, result: -1, errno: 1(Operation not permitted)
bind BO-0 to VM 1, vmHandleId = 0, range: ffff800400200000 - ffff800400a35000, size: 8605696, result: -1, errno: 1(Operation not permitted)
bind BO-0 to VM 1, vmHandleId = 0, range: ffff800400200000 - ffff8004007bf000, size: 6025216, result: -1, errno: 1(Operation not permitted)
bind BO-0 to VM 1, vmHandleId = 0, range: ffff800400200000 - ffff8004006ed000, size: 5165056, result: -1, errno: 1(Operation not permitted)
bind BO-0 to VM 1, vmHandleId = 0, range: ffff800400200000 - ffff800400963000, size: 7745536, result: -1, errno: 1(Operation not permitted)
bind BO-0 to VM 1, vmHandleId = 0, range: ffff800400200000 - ffff8004006ed000, size: 5165056, result: -1, errno: 1(Operation not permitted)
bind BO-0 to VM 1, vmHandleId = 0, range: ffff800400200000 - ffff80040061b000, size: 4304896, result: -1, errno: 1(Operation not permitted)
bind BO-0 to VM 1, vmHandleId = 0, range: ffff800400200000 - ffff800400681000, size: 4722688, result: -1, errno: 1(Operation not permitted)
bind BO-0 to VM 1, vmHandleId = 0, range: ffff800400200000 - ffff800400831000, size: 6492160, result: -1, errno: 1(Operation not permitted)
bind BO-0 to VM 1, vmHandleId = 0, range: ffff800400200000 - ffff800400831000, size: 6492160, result: -1, errno: 1(Operation not permitted)
bind BO-0 to VM 1, vmHandleId = 0, range: ffff800400200000 - ffff800400711000, size: 5312512, result: -1, errno: 1(Operation not permitted)
bind BO-0 to VM 1, vmHandleId = 0, range: ffff800400200000 - ffff800400681000, size: 4722688, result: -1, errno: 1(Operation not permitted)
bind BO-0 to VM 1, vmHandleId = 0, range: ffff800400200000 - ffff800400831000, size: 6492160, result: -1, errno: 1(Operation not permitted)
bind BO-0 to VM 1, vmHandleId = 0, range: ffff800400200000 - ffff800400831000, size: 6492160, result: -1, errno: 1(Operation not permitted)
bind BO-0 to VM 1, vmHandleId = 0, range: ffff800400200000 - ffff800400711000, size: 5312512, result: -1, errno: 1(Operation not permitted)
bind BO-0 to VM 1, vmHandleId = 0, range: ffff800400200000 - ffff8004006ed000, size: 5165056, result: -1, errno: 1(Operation not permitted)
bind BO-0 to VM 1, vmHandleId = 0, range: ffff800400200000 - ffff80040061b000, size: 4304896, result: -1, errno: 1(Operation not permitted)
bind BO-0 to VM 1, vmHandleId = 0, range: ffff800400200000 - ffff800400891000, size: 6885376, result: -1, errno: 1(Operation not permitted)
bind BO-0 to VM 1, vmHandleId = 0, range: ffff800400200000 - ffff8004007bf000, size: 6025216, result: -1, errno: 1(Operation not permitted)
bind BO-0 to VM 1, vmHandleId = 0, range: ffff800400200000 - ffff8004006ed000, size: 5165056, result: -1, errno: 1(Operation not permitted)
bind BO-0 to VM 1, vmHandleId = 0, range: ffff800400200000 - ffff800400b07000, size: 9465856, result: -1, errno: 1(Operation not permitted)
bind BO-0 to VM 1, vmHandleId = 0, range: ffff800400200000 - ffff80040061b000, size: 4304896, result: -1, errno: 1(Operation not permitted)
bind BO-0 to VM 1, vmHandleId = 0, range: ffff800400200000 - ffff8004007bf000, size: 6025216, result: -1, errno: 1(Operation not permitted)
bind BO-0 to VM 1, vmHandleId = 0, range: ffff800400200000 - ffff80040061b000, size: 4304896, result: -1, errno: 1(Operation not permitted)
bind BO-0 to VM 1, vmHandleId = 0, range: ffff800400200000 - ffff8004006ed000, size: 5165056, result: -1, errno: 1(Operation not permitted)
bind BO-0 to VM 1, vmHandleId = 0, range: ffff800400200000 - ffff800400b07000, size: 9465856, result: -1, errno: 1(Operation not permitted)
bind BO-0 to VM 1, vmHandleId = 0, range: ffff800400200000 - ffff80040061b000, size: 4304896, result: -1, errno: 1(Operation not permitted)
bind BO-0 to VM 1, vmHandleId = 0, range: ffff800400200000 - ffff800400963000, size: 7745536, result: -1, errno: 1(Operation not permitted)
bind BO-0 to VM 1, vmHandleId = 0, range: ffff800400200000 - ffff8004006ed000, size: 5165056, result: -1, errno: 1(Operation not permitted)
bind BO-0 to VM 1, vmHandleId = 0, range: ffff800400200000 - ffff80040061b000, size: 4304896, result: -1, errno: 1(Operation not permitted)
bind BO-0 to VM 1, vmHandleId = 0, range: ffff800400200000 - ffff80040061b000, size: 4304896, result: -1, errno: 1(Operation not permitted)
bind BO-0 to VM 1, vmHandleId = 0, range: ffff800400200000 - ffff800400831000, size: 6492160, result: -1, errno: 1(Operation not permitted)
bind BO-0 to VM 1, vmHandleId = 0, range: ffff800400200000 - ffff800400831000, size: 6492160, result: -1, errno: 1(Operation not permitted)
bind BO-0 to VM 1, vmHandleId = 0, range: ffff800400200000 - ffff800400681000, size: 4722688, result: -1, errno: 1(Operation not permitted)
bind BO-0 to VM 1, vmHandleId = 0, range: ffff800400200000 - ffff800400711000, size: 5312512, result: -1, errno: 1(Operation not permitted)
bind BO-0 to VM 1, vmHandleId = 0, range: ffff800400200000 - ffff800400831000, size: 6492160, result: -1, errno: 1(Operation not permitted)
bind BO-0 to VM 1, vmHandleId = 0, range: ffff800400200000 - ffff800400831000, size: 6492160, result: -1, errno: 1(Operation not permitted)
bind BO-0 to VM 1, vmHandleId = 0, range: ffff800400200000 - ffff800400681000, size: 4722688, result: -1, errno: 1(Operation not permitted)
bind BO-0 to VM 1, vmHandleId = 0, range: ffff800400200000 - ffff800400711000, size: 5312512, result: -1, errno: 1(Operation not permitted)
bind BO-0 to VM 1, vmHandleId = 0, range: ffff800400200000 - ffff8004007bf000, size: 6025216, result: -1, errno: 1(Operation not permitted)
bind BO-0 to VM 1, vmHandleId = 0, range: ffff800400200000 - ffff80040061b000, size: 4304896, result: -1, errno: 1(Operation not permitted)
bind BO-0 to VM 1, vmHandleId = 0, range: ffff800400200000 - ffff800400b07000, size: 9465856, result: -1, errno: 1(Operation not permitted)
bind BO-0 to VM 1, vmHandleId = 0, range: ffff800400200000 - ffff8004006ed000, size: 5165056, result: -1, errno: 1(Operation not permitted)
bind BO-0 to VM 1, vmHandleId = 0, range: ffff800400200000 - ffff800400b07000, size: 9465856, result: -1, errno: 1(Operation not permitted)
bind BO-0 to VM 1, vmHandleId = 0, range: ffff800400200000 - ffff800400891000, size: 6885376, result: -1, errno: 1(Operation not permitted)
bind BO-0 to VM 1, vmHandleId = 0, range: ffff800400200000 - ffff80040061b000, size: 4304896, result: -1, errno: 1(Operation not permitted)
bind BO-0 to VM 1, vmHandleId = 0, range: ffff800400200000 - ffff8004006ed000, size: 5165056, result: -1, errno: 1(Operation not permitted)
bind BO-0 to VM 1, vmHandleId = 0, range: ffff800400200000 - ffff800400963000, size: 7745536, result: -1, errno: 1(Operation not permitted)
bind BO-0 to VM 1, vmHandleId = 0, range: ffff800400200000 - ffff8004006ed000, size: 5165056, result: -1, errno: 1(Operation not permitted)
bind BO-0 to VM 1, vmHandleId = 0, range: ffff800400200000 - ffff80040061b000, size: 4304896, result: -1, errno: 1(Operation not permitted)
bind BO-0 to VM 1, vmHandleId = 0, range: ffff800400200000 - ffff80040061b000, size: 4304896, result: -1, errno: 1(Operation not permitted)
bind BO-0 to VM 1, vmHandleId = 0, range: ffff800400200000 - ffff80040061b000, size: 4304896, result: -1, errno: 1(Operation not permitted)
bind BO-0 to VM 1, vmHandleId = 0, range: ffff800400200000 - ffff800400681000, size: 4722688, result: -1, errno: 1(Operation not permitted)
bind BO-0 to VM 1, vmHandleId = 0, range: ffff800400200000 - ffff800400681000, size: 4722688, result: -1, errno: 1(Operation not permitted)
bind BO-0 to VM 1, vmHandleId = 0, range: ffff800400200000 - ffff8004006ed000, size: 5165056, result: -1, errno: 1(Operation not permitted)
bind BO-0 to VM 1, vmHandleId = 0, range: ffff800400200000 - ffff800400891000, size: 6885376, result: -1, errno: 1(Operation not permitted)
bind BO-0 to VM 1, vmHandleId = 0, range: ffff800400200000 - ffff80040061b000, size: 4304896, result: -1, errno: 1(Operation not permitted)
bind BO-0 to VM 1, vmHandleId = 0, range: ffff800400200000 - ffff80040061b000, size: 4304896, result: -1, errno: 1(Operation not permitted)
bind BO-0 to VM 1, vmHandleId = 0, range: ffff800400200000 - ffff8004006ed000, size: 5165056, result: -1, errno: 1(Operation not permitted)
bind BO-0 to VM 1, vmHandleId = 0, range: ffff800400200000 - ffff8004009e1000, size: 8261632, result: -1, errno: 1(Operation not permitted)
bind BO-0 to VM 1, vmHandleId = 0, range: ffff800400200000 - ffff8004009e1000, size: 8261632, result: -1, errno: 1(Operation not permitted)
bind BO-0 to VM 1, vmHandleId = 0, range: ffff800400200000 - ffff80040061b000, size: 4304896, result: -1, errno: 1(Operation not permitted)
bind BO-0 to VM 1, vmHandleId = 0, range: ffff800400200000 - ffff8004006ed000, size: 5165056, result: -1, errno: 1(Operation not permitted)
bind BO-0 to VM 1, vmHandleId = 0, range: ffff800400200000 - ffff8004006ed000, size: 5165056, result: -1, errno: 1(Operation not permitted)
bind BO-0 to VM 1, vmHandleId = 0, range: ffff800400200000 - ffff80040061b000, size: 4304896, result: -1, errno: 1(Operation not permitted)
bind BO-0 to VM 1, vmHandleId = 0, range: ffff800400200000 - ffff800400d7d000, size: 12046336, result: -1, errno: 1(Operation not permitted)
bind BO-0 to VM 1, vmHandleId = 0, range: ffff800400200000 - ffff8004006ed000, size: 5165056, result: -1, errno: 1(Operation not permitted)
bind BO-0 to VM 1, vmHandleId = 0, range: ffff800400200000 - ffff800400832000, size: 6496256, result: -1, errno: 1(Operation not permitted)
bind BO-0 to VM 1, vmHandleId = 0, range: ffff800400200000 - ffff800400832000, size: 6496256, result: -1, errno: 1(Operation not permitted)
bind BO-0 to VM 1, vmHandleId = 0, range: ffff800400200000 - ffff80040061c000, size: 4308992, result: -1, errno: 1(Operation not permitted)
bind BO-0 to VM 1, vmHandleId = 0, range: ffff800400200000 - ffff80040061c000, size: 4308992, result: -1, errno: 1(Operation not permitted)
bind BO-0 to VM 1, vmHandleId = 0, range: ffff800400200000 - ffff80040061c000, size: 4308992, result: -1, errno: 1(Operation not permitted)
bind BO-0 to VM 1, vmHandleId = 0, range: ffff800400200000 - ffff80040061c000, size: 4308992, result: -1, errno: 1(Operation not permitted)
bind BO-0 to VM 1, vmHandleId = 0, range: ffff800400200000 - ffff8004006ee000, size: 5169152, result: -1, errno: 1(Operation not permitted)
bind BO-0 to VM 1, vmHandleId = 0, range: ffff800400200000 - ffff800400b08000, size: 9469952, result: -1, errno: 1(Operation not permitted)
bind BO-0 to VM 1, vmHandleId = 0, range: ffff800400200000 - ffff8004007a1000, size: 5902336, result: -1, errno: 1(Operation not permitted)
bind BO-0 to VM 1, vmHandleId = 0, range: ffff800400200000 - ffff800400b91000, size: 10031104, result: -1, errno: 1(Operation not permitted)
bind BO-0 to VM 1, vmHandleId = 0, range: ffff800400200000 - ffff800400a71000, size: 8851456, result: -1, errno: 1(Operation not permitted)
bind BO-0 to VM 1, vmHandleId = 0, range: ffff800400200000 - ffff800400711000, size: 5312512, result: -1, errno: 1(Operation not permitted)
bind BO-0 to VM 1, vmHandleId = 0, range: ffff800400200000 - ffff8004011c1000, size: 16519168, result: -1, errno: 1(Operation not permitted)
bind BO-0 to VM 1, vmHandleId = 0, range: ffff800400200000 - ffff800400b01000, size: 9441280, result: -1, errno: 1(Operation not permitted)
bind BO-0 to VM 1, vmHandleId = 0, range: ffff800400200000 - ffff800400681000, size: 4722688, result: -1, errno: 1(Operation not permitted)
bind BO-0 to VM 1, vmHandleId = 0, range: ffff800400200000 - ffff8004007a1000, size: 5902336, result: -1, errno: 1(Operation not permitted)
bind BO-0 to VM 1, vmHandleId = 0, range: ffff800400200000 - ffff8004007a1000, size: 5902336, result: -1, errno: 1(Operation not permitted)
bind BO-0 to VM 1, vmHandleId = 0, range: ffff800400200000 - ffff800400b91000, size: 10031104, result: -1, errno: 1(Operation not permitted)
bind BO-0 to VM 1, vmHandleId = 0, range: ffff800400200000 - ffff800400a71000, size: 8851456, result: -1, errno: 1(Operation not permitted)
bind BO-0 to VM 1, vmHandleId = 0, range: ffff800400200000 - ffff800400711000, size: 5312512, result: -1, errno: 1(Operation not permitted)
bind BO-0 to VM 1, vmHandleId = 0, range: ffff800400200000 - ffff8004011c1000, size: 16519168, result: -1, errno: 1(Operation not permitted)
bind BO-0 to VM 1, vmHandleId = 0, range: ffff800400200000 - ffff800400b01000, size: 9441280, result: -1, errno: 1(Operation not permitted)
bind BO-0 to VM 1, vmHandleId = 0, range: ffff800400200000 - ffff800400681000, size: 4722688, result: -1, errno: 1(Operation not permitted)
bind BO-0 to VM 1, vmHandleId = 0, range: ffff800400200000 - ffff8004007a1000, size: 5902336, result: -1, errno: 1(Operation not permitted)
bind BO-0 to VM 1, vmHandleId = 0, range: ffff800400200000 - ffff8004006ed000, size: 5165056, result: -1, errno: 1(Operation not permitted)
bind BO-0 to VM 1, vmHandleId = 0, range: ffff800400200000 - ffff8004007bf000, size: 6025216, result: -1, errno: 1(Operation not permitted)
bind BO-0 to VM 1, vmHandleId = 0, range: ffff800400200000 - ffff800400a35000, size: 8605696, result: -1, errno: 1(Operation not permitted)
bind BO-0 to VM 1, vmHandleId = 0, range: ffff800400200000 - ffff800400ff3000, size: 14626816, result: -1, errno: 1(Operation not permitted)
bind BO-0 to VM 1, vmHandleId = 0, range: ffff800400200000 - ffff8004006ed000, size: 5165056, result: -1, errno: 1(Operation not permitted)
bind BO-0 to VM 1, vmHandleId = 0, range: ffff800400200000 - ffff800400e4f000, size: 12906496, result: -1, errno: 1(Operation not permitted)
bind BO-0 to VM 1, vmHandleId = 0, range: ffff800400200000 - ffff8004006ed000, size: 5165056, result: -1, errno: 1(Operation not permitted)
bind BO-0 to VM 1, vmHandleId = 0, range: ffff800400200000 - ffff800400963000, size: 7745536, result: -1, errno: 1(Operation not permitted)
bind BO-0 to VM 1, vmHandleId = 0, range: ffff800400200000 - ffff80040061b000, size: 4304896, result: -1, errno: 1(Operation not permitted)
bind BO-0 to VM 1, vmHandleId = 0, range: ffff800400200000 - ffff80040061b000, size: 4304896, result: -1, errno: 1(Operation not permitted)
bind BO-0 to VM 1, vmHandleId = 0, range: ffff800400200000 - ffff8004018f9000, size: 24088576, result: -1, errno: 1(Operation not permitted)
bind BO-0 to VM 1, vmHandleId = 0, range: ffff800400200000 - ffff8004006ed000, size: 5165056, result: -1, errno: 1(Operation not permitted)
bind BO-0 to VM 1, vmHandleId = 0, range: ffff800400200000 - ffff800400f21000, size: 13766656, result: -1, errno: 1(Operation not permitted)
bind BO-0 to VM 1, vmHandleId = 0, range: ffff800400200000 - ffff80040061b000, size: 4304896, result: -1, errno: 1(Operation not permitted)
bind BO-0 to VM 1, vmHandleId = 0, range: ffff800400200000 - ffff8004006ed000, size: 5165056, result: -1, errno: 1(Operation not permitted)
bind BO-0 to VM 1, vmHandleId = 0, range: ffff800400200000 - ffff800400891000, size: 6885376, result: -1, errno: 1(Operation not permitted)
bind BO-0 to VM 1, vmHandleId = 0, range: ffff800400200000 - ffff8004007bf000, size: 6025216, result: -1, errno: 1(Operation not permitted)
bind BO-0 to VM 1, vmHandleId = 0, range: ffff800400200000 - ffff800400a35000, size: 8605696, result: -1, errno: 1(Operation not permitted)
bind BO-0 to VM 1, vmHandleId = 0, range: ffff800400200000 - ffff800400b01000, size: 9441280, result: -1, errno: 1(Operation not permitted)
bind BO-0 to VM 1, vmHandleId = 0, range: ffff800400200000 - ffff800400711000, size: 5312512, result: -1, errno: 1(Operation not permitted)
bind BO-0 to VM 1, vmHandleId = 0, range: ffff800400200000 - ffff800400f81000, size: 14159872, result: -1, errno: 1(Operation not permitted)
bind BO-0 to VM 1, vmHandleId = 0, range: ffff800400200000 - ffff800400c21000, size: 10620928, result: -1, errno: 1(Operation not permitted)
bind BO-0 to VM 1, vmHandleId = 0, range: ffff800400200000 - ffff800400681000, size: 4722688, result: -1, errno: 1(Operation not permitted)
bind BO-0 to VM 1, vmHandleId = 0, range: ffff800400200000 - ffff8004008c1000, size: 7081984, result: -1, errno: 1(Operation not permitted)
bind BO-0 to VM 1, vmHandleId = 0, range: ffff800400200000 - ffff800400681000, size: 4722688, result: -1, errno: 1(Operation not permitted)
bind BO-0 to VM 1, vmHandleId = 0, range: ffff800400200000 - ffff800400c21000, size: 10620928, result: -1, errno: 1(Operation not permitted)
bind BO-0 to VM 1, vmHandleId = 0, range: ffff800400200000 - ffff8004012e1000, size: 17698816, result: -1, errno: 1(Operation not permitted)
bind BO-0 to VM 1, vmHandleId = 0, range: ffff800400200000 - ffff800400951000, size: 7671808, result: -1, errno: 1(Operation not permitted)
bind BO-0 to VM 1, vmHandleId = 0, range: ffff800400200000 - ffff8004008c1000, size: 7081984, result: -1, errno: 1(Operation not permitted)
bind BO-0 to VM 1, vmHandleId = 0, range: ffff800400200000 - ffff800400711000, size: 5312512, result: -1, errno: 1(Operation not permitted)
bind BO-0 to VM 1, vmHandleId = 0, range: ffff800400200000 - ffff8004008c1000, size: 7081984, result: -1, errno: 1(Operation not permitted)
bind BO-0 to VM 1, vmHandleId = 0, range: ffff800400200000 - ffff800400b01000, size: 9441280, result: -1, errno: 1(Operation not permitted)
bind BO-0 to VM 1, vmHandleId = 0, range: ffff800400200000 - ffff800400711000, size: 5312512, result: -1, errno: 1(Operation not permitted)
bind BO-0 to VM 1, vmHandleId = 0, range: ffff800400200000 - ffff800400f81000, size: 14159872, result: -1, errno: 1(Operation not permitted)
bind BO-0 to VM 1, vmHandleId = 0, range: ffff800400200000 - ffff800400c21000, size: 10620928, result: -1, errno: 1(Operation not permitted)
bind BO-0 to VM 1, vmHandleId = 0, range: ffff800400200000 - ffff800400681000, size: 4722688, result: -1, errno: 1(Operation not permitted)
bind BO-0 to VM 1, vmHandleId = 0, range: ffff800400200000 - ffff8004008c1000, size: 7081984, result: -1, errno: 1(Operation not permitted)
bind BO-0 to VM 1, vmHandleId = 0, range: ffff800400200000 - ffff800400681000, size: 4722688, result: -1, errno: 1(Operation not permitted)
bind BO-0 to VM 1, vmHandleId = 0, range: ffff800400200000 - ffff800400c21000, size: 10620928, result: -1, errno: 1(Operation not permitted)
bind BO-0 to VM 1, vmHandleId = 0, range: ffff800400200000 - ffff8004012e1000, size: 17698816, result: -1, errno: 1(Operation not permitted)
bind BO-0 to VM 1, vmHandleId = 0, range: ffff800400200000 - ffff800400951000, size: 7671808, result: -1, errno: 1(Operation not permitted)
bind BO-0 to VM 1, vmHandleId = 0, range: ffff800400200000 - ffff8004008c1000, size: 7081984, result: -1, errno: 1(Operation not permitted)
bind BO-0 to VM 1, vmHandleId = 0, range: ffff800400200000 - ffff800400711000, size: 5312512, result: -1, errno: 1(Operation not permitted)
bind BO-0 to VM 1, vmHandleId = 0, range: ffff800400200000 - ffff8004008c1000, size: 7081984, result: -1, errno: 1(Operation not permitted)
bind BO-0 to VM 1, vmHandleId = 0, range: ffff800400200000 - ffff800400f21000, size: 13766656, result: -1, errno: 1(Operation not permitted)
bind BO-0 to VM 1, vmHandleId = 0, range: ffff800400200000 - ffff8004007bf000, size: 6025216, result: -1, errno: 1(Operation not permitted)
bind BO-0 to VM 1, vmHandleId = 0, range: ffff800400200000 - ffff800400963000, size: 7745536, result: -1, errno: 1(Operation not permitted)
bind BO-0 to VM 1, vmHandleId = 0, range: ffff800400200000 - ffff8004015b1000, size: 20647936, result: -1, errno: 1(Operation not permitted)
bind BO-0 to VM 1, vmHandleId = 0, range: ffff800400200000 - ffff8004010c5000, size: 15486976, result: -1, errno: 1(Operation not permitted)
bind BO-0 to VM 1, vmHandleId = 0, range: ffff800400200000 - ffff800400891000, size: 6885376, result: -1, errno: 1(Operation not permitted)
bind BO-0 to VM 1, vmHandleId = 0, range: ffff800400200000 - ffff800400bd9000, size: 10326016, result: -1, errno: 1(Operation not permitted)
bind BO-0 to VM 1, vmHandleId = 0, range: ffff800400200000 - ffff800400891000, size: 6885376, result: -1, errno: 1(Operation not permitted)
bind BO-0 to VM 1, vmHandleId = 0, range: ffff800400200000 - ffff8004007bf000, size: 6025216, result: -1, errno: 1(Operation not permitted)
bind BO-0 to VM 1, vmHandleId = 0, range: ffff800400200000 - ffff8004010c5000, size: 15486976, result: -1, errno: 1(Operation not permitted)
bind BO-0 to VM 1, vmHandleId = 0, range: ffff800400200000 - ffff800401a9d000, size: 25808896, result: -1, errno: 1(Operation not permitted)
bind BO-0 to VM 1, vmHandleId = 0, range: ffff800400200000 - ffff800400cab000, size: 11186176, result: -1, errno: 1(Operation not permitted)
bind BO-0 to VM 1, vmHandleId = 0, range: ffff800400200000 - ffff800400bd9000, size: 10326016, result: -1, errno: 1(Operation not permitted)
bind BO-0 to VM 1, vmHandleId = 0, range: ffff800400200000 - ffff800400963000, size: 7745536, result: -1, errno: 1(Operation not permitted)
bind BO-0 to VM 1, vmHandleId = 0, range: ffff800400200000 - ffff800400bd9000, size: 10326016, result: -1, errno: 1(Operation not permitted)
bind BO-0 to VM 1, vmHandleId = 0, range: ffff800400200000 - ffff80040061b000, size: 4304896, result: -1, errno: 1(Operation not permitted)
bind BO-0 to VM 1, vmHandleId = 0, range: ffff800400200000 - ffff800400c21000, size: 10620928, result: -1, errno: 1(Operation not permitted)
bind BO-0 to VM 1, vmHandleId = 0, range: ffff800400200000 - ffff8004012e1000, size: 17698816, result: -1, errno: 1(Operation not permitted)
bind BO-0 to VM 1, vmHandleId = 0, range: ffff800400200000 - ffff800400cb1000, size: 11210752, result: -1, errno: 1(Operation not permitted)
bind BO-0 to VM 1, vmHandleId = 0, range: ffff800400200000 - ffff800400d41000, size: 11800576, result: -1, errno: 1(Operation not permitted)
bind BO-0 to VM 1, vmHandleId = 0, range: ffff800400200000 - ffff800400951000, size: 7671808, result: -1, errno: 1(Operation not permitted)
bind BO-0 to VM 1, vmHandleId = 0, range: ffff800400200000 - ffff8004009e1000, size: 8261632, result: -1, errno: 1(Operation not permitted)
bind BO-0 to VM 1, vmHandleId = 0, range: ffff800400200000 - ffff800400681000, size: 4722688, result: -1, errno: 1(Operation not permitted)
bind BO-0 to VM 1, vmHandleId = 0, range: ffff800400200000 - ffff8004017f1000, size: 23007232, result: -1, errno: 1(Operation not permitted)
bind BO-0 to VM 1, vmHandleId = 0, range: ffff800400200000 - ffff8004007a1000, size: 5902336, result: -1, errno: 1(Operation not permitted)
bind BO-0 to VM 1, vmHandleId = 0, range: ffff800400200000 - ffff800400ef1000, size: 13570048, result: -1, errno: 1(Operation not permitted)
bind BO-0 to VM 1, vmHandleId = 0, range: ffff800400200000 - ffff800400c21000, size: 10620928, result: -1, errno: 1(Operation not permitted)
bind BO-0 to VM 1, vmHandleId = 0, range: ffff800400200000 - ffff800400c21000, size: 10620928, result: -1, errno: 1(Operation not permitted)
bind BO-0 to VM 1, vmHandleId = 0, range: ffff800400200000 - ffff8004012e1000, size: 17698816, result: -1, errno: 1(Operation not permitted)
bind BO-0 to VM 1, vmHandleId = 0, range: ffff800400200000 - ffff800400cb1000, size: 11210752, result: -1, errno: 1(Operation not permitted)
level_zero backend failed with error: 39 (UR_RESULT_ERROR_OUT_OF_DEVICE_MEMORY)
Exception caught at file:/mnt/nvme1/llama-sycl-build/build/llama.cpp-sycl-f16-git/src/llama.cpp/ggml/src/ggml-sycl/ggml-sycl.cpp, line:6230, func:operator()
SYCL error: CHECK_TRY_ERROR( (stream)->memcpy((char *)tensor->data + offset, data, size)): Exception caught in this line of code.
  in function ggml_backend_sycl_set_tensor_async at /mnt/nvme1/llama-sycl-build/build/llama.cpp-sycl-f16-git/src/llama.cpp/ggml/src/ggml-sycl/ggml-sycl.cpp:6230
/mnt/nvme1/llama-sycl-build/build/llama.cpp-sycl-f16-git/src/llama.cpp/ggml/src/ggml-sycl/../ggml-sycl/common.hpp:174: SYCL error
timeout: the monitored command dumped core
